area,title,size_m2,price_jod,price_per_m2,url
عبدون,شقق 180 متر بتشطيبات مميزة في عبدون,180,450000,2500,https://qoshan.com/property/%d8%b4%d9%82%d9%82-180-%d9%85%d8%aa%d8%b1-%d8%a8%d8%aa%d8%b4%d8%b7%d9%8a%d8%a8%d8%a7%d8%aa-%d9%85%d9%85%d9%8a%d8%b2%d8%a9-%d9%81%d9%8a-%d8%b9%d8%a8%d8%af%d9%88%d9%86/
عبدون,شقق طابقية بأعلى المواصفات في عبدون,230,450000,1957,https://qoshan.com/property/%d8%b4%d9%82%d9%82-%d8%b7%d8%a7%d8%a8%d9%82%d9%8a%d8%a9-%d8%a8%d8%a3%d8%b9%d9%84%d9%89-%d8%a7%d9%84%d9%85%d9%88%d8%a7%d8%b5%d9%81%d8%a7%d8%aa-%d9%81%d9%8a-%d8%b9%d8%a8%d8%af%d9%88%d9%86/
عبدون,شبه 4 نوم قيد الإنشاء في أفضل أحياء عبدون,315,550000,1746,https://qoshan.com/property/%d8%b4%d8%a8%d9%87-4-%d9%86%d9%88%d9%85-%d9%82%d9%8a%d8%af-%d8%a7%d9%84%d8%a5%d9%86%d8%b4%d8%a7%d8%a1-%d9%81%d9%8a-%d8%a3%d9%81%d8%b6%d9%84-%d8%a3%d8%ad%d9%8a%d8%a7%d8%a1-%d8%b9%d8%a8%d8%af%d9%88/
عبدون,شقة طابق أول 250م بأرقى مواقع عبدون,250,430000,1720,https://qoshan.com/property/%d8%b4%d9%82%d8%a9-%d8%b7%d8%a7%d8%a8%d9%82-%d8%a3%d9%88%d9%84-250%d9%85-%d8%a8%d8%a3%d8%b1%d9%82%d9%89-%d9%85%d9%88%d8%a7%d9%82%d8%b9-%d8%b9%d8%a8%d8%af%d9%88%d9%86/
عبدون,شقق طابقية بمواصفات خاصة بأجمل مناطق عبدون,500,795000,1590,https://qoshan.com/property/%d8%b4%d9%82%d9%82-%d8%b7%d8%a7%d8%a8%d9%82%d9%8a%d8%a9-%d8%a8%d9%85%d9%88%d8%a7%d8%b5%d9%81%d8%a7%d8%aa-%d8%ae%d8%a7%d8%b5%d8%a9-%d8%a8%d8%a3%d8%ac%d9%85%d9%84-%d9%85%d9%86%d8%a7%d8%b7%d9%82-%d8%b9/
عبدون,شقة أرضية 4نوم بأجمل مواقع عبدون,275,430000,1564,https://qoshan.com/property/%d8%b4%d9%82%d8%a9-%d8%a3%d8%b1%d8%b6%d9%8a%d8%a9-4%d9%86%d9%88%d9%85-%d8%a8%d8%a3%d8%ac%d9%85%d9%84-%d9%85%d9%88%d8%a7%d9%82%d8%b9-%d8%b9%d8%a8%d8%af%d9%88%d9%86/
عبدون,شقق طابقية 425م في أفضل مواقع عبدون,425,640000,1506,https://qoshan.com/property/%d8%b4%d9%82%d9%82-%d8%b7%d8%a7%d8%a8%d9%82%d9%8a%d8%a9-425%d9%85-%d9%81%d9%8a-%d8%a3%d9%81%d8%b6%d9%84-%d9%85%d9%88%d8%a7%d9%82%d8%b9-%d8%b9%d8%a8%d8%af%d9%88%d9%86/
عبدون,رووف بإطلالة فخمة ومساحات مميزة في عبدون,300,450000,1500,https://qoshan.com/property/%d8%b1%d9%88%d9%88%d9%81-%d8%a8%d8%a5%d8%b7%d9%84%d8%a7%d9%84%d8%a9-%d9%81%d8%ae%d9%85%d8%a9-%d9%88%d9%85%d8%b3%d8%a7%d8%ad%d8%a7%d8%aa-%d9%85%d9%85%d9%8a%d8%b2%d8%a9-%d9%81%d9%8a-%d8%b9%d8%a8%d8%af/
عبدون,شقة أرضية 235م مع كراج و مدخل مستقل في عبدون,235,350000,1489,https://qoshan.com/property/%d8%b4%d9%82%d8%a9-%d8%a3%d8%b1%d8%b6%d9%8a%d8%a9-235%d9%85-%d9%85%d8%b9-%d9%83%d8%b1%d8%a7%d8%ac-%d9%88-%d9%85%d8%af%d8%ae%d9%84-%d9%85%d8%b3%d8%aa%d9%82%d9%84-%d9%81%d9%8a-%d8%b9%d8%a8%d8%af%d9%88/
عبدون,شقة أرضية 310م مع حديقة في عبدون الشمالي,310,450000,1452,https://qoshan.com/property/%d8%b4%d9%82%d8%a9-%d8%a3%d8%b1%d8%b6%d9%8a%d8%a9-310%d9%85-%d9%85%d8%b9-%d8%ad%d8%af%d9%8a%d9%82%d8%a9-%d9%81%d9%8a-%d8%b9%d8%a8%d8%af%d9%88%d9%86-%d8%a7%d9%84%d8%b4%d9%85%d8%a7%d9%84%d9%8a/
عبدون,شقة 217م بأعلى المواصفات في عبدون,217,315000,1452,https://qoshan.com/property/%d8%b4%d9%82%d8%a9-217%d9%85-%d8%a8%d8%a3%d8%b9%d9%84%d9%89-%d8%a7%d9%84%d9%85%d9%88%d8%a7%d8%b5%d9%81%d8%a7%d8%aa-%d9%81%d9%8a-%d8%b9%d8%a8%d8%af%d9%88%d9%86/
عبدون,دوبلكس 275متر بأجمل أحياء عبدون عبدون,275,390000,1418,https://qoshan.com/property/%d8%af%d9%88%d8%a8%d9%84%d9%83%d8%b3-275%d9%85%d8%aa%d8%b1-%d8%a8%d8%a3%d8%ac%d9%85%d9%84-%d8%a3%d8%ad%d9%8a%d8%a7%d8%a1-%d8%b9%d8%a8%d8%af%d9%88%d9%86-%d8%b9%d8%a8%d8%af%d9%88%d9%86/
عبدون,أخير مع رووف 350م دوبلكس في عبدون,350,490000,1400,https://qoshan.com/property/%d8%a3%d8%ae%d9%8a%d8%b1-%d9%85%d8%b9-%d8%b1%d9%88%d9%88%d9%81-350%d9%85-%d8%af%d9%88%d8%a8%d9%84%d9%83%d8%b3-%d9%81%d9%8a-%d8%b9%d8%a8%d8%af%d9%88%d9%86/
عبدون,رووف إستثماري مميز في عبدون,104,145000,1394,https://qoshan.com/property/%d8%b1%d9%88%d9%88%d9%81-%d8%a5%d8%b3%d8%aa%d8%ab%d9%85%d8%a7%d8%b1%d9%8a-%d9%85%d9%85%d9%8a%d8%b2-%d9%81%d9%8a-%d8%b9%d8%a8%d8%af%d9%88%d9%86/
عبدون,شقة أرضية 3 نوم ماستر في أفضل مواقع عبدون,262,360000,1374,https://qoshan.com/property/%d8%b4%d9%82%d8%a9-%d8%a3%d8%b1%d8%b6%d9%8a%d8%a9-3-%d9%86%d9%88%d9%85-%d9%85%d8%a7%d8%b3%d8%aa%d8%b1-%d9%81%d9%8a-%d8%a3%d9%81%d8%b6%d9%84-%d9%85%d9%88%d8%a7%d9%82%d8%b9-%d8%b9%d8%a8%d8%af%d9%88/
عبدون,شقق 165متر في عبدون الشمالي,165,225000,1364,https://qoshan.com/property/%d8%b4%d9%82%d9%82-165%d9%85%d8%aa%d8%b1-%d9%81%d9%8a-%d8%b9%d8%a8%d8%af%d9%88%d9%86-%d8%a7%d9%84%d8%b4%d9%85%d8%a7%d9%84%d9%8a/
عبدون,شقة طابقية شبه أرضية مع حديقة مميزة في عبدون,275,375000,1364,https://qoshan.com/property/%d8%b4%d9%82%d8%a9-%d8%b7%d8%a7%d8%a8%d9%82%d9%8a%d8%a9-%d8%b4%d8%a8%d9%87-%d8%a3%d8%b1%d8%b6%d9%8a%d8%a9-%d9%85%d8%b9-%d8%ad%d8%af%d9%8a%d9%82%d8%a9-%d9%85%d9%85%d9%8a%d8%b2%d8%a9-%d9%81%d9%8a-%d8%b9/
عبدون,شقة أرضية دوبلكس في أجمل مواقع عبدون,403,545000,1352,https://qoshan.com/property/%d8%b4%d9%82%d8%a9-%d8%a3%d8%b1%d8%b6%d9%8a%d8%a9-%d8%af%d9%88%d8%a8%d9%84%d9%83%d8%b3-%d9%81%d9%8a-%d8%a3%d8%ac%d9%85%d9%84-%d9%85%d9%88%d8%a7%d9%82%d8%b9-%d8%b9%d8%a8%d8%af%d9%88%d9%86/
عبدون,شقة 370متر في أجمل مواقع عبدون,370,500000,1351,https://qoshan.com/property/%d8%b4%d9%82%d8%a9-370%d9%85%d8%aa%d8%b1-%d9%81%d9%8a-%d8%a3%d8%ac%d9%85%d9%84-%d9%85%d9%88%d8%a7%d9%82%d8%b9-%d8%b9%d8%a8%d8%af%d9%88%d9%86/
عبدون,شقق 235م بمواصفات عالية في عبدون,235,315000,1340,https://qoshan.com/property/%d8%b4%d9%82%d9%82-230%d9%85-%d8%a8%d9%85%d9%88%d8%a7%d8%b5%d9%81%d8%a7%d8%aa-%d8%b9%d8%a7%d9%84%d9%8a%d8%a9-%d9%81%d9%8a-%d8%b9%d8%a8%d8%af%d9%88%d9%86/
عبدون,شقة أرضية 3 غرف نوم بأجمل مناطق عبدون,255,340000,1333,https://qoshan.com/property/%d8%b4%d9%82%d8%a9-%d8%a3%d8%b1%d8%b6%d9%8a%d8%a9-3-%d8%ba%d8%b1%d9%81-%d9%86%d9%88%d9%85-%d8%a8%d8%a3%d8%ac%d9%85%d9%84-%d9%85%d9%86%d8%a7%d8%b7%d9%82-%d8%b9%d8%a8%d8%af%d9%88%d9%86/
عبدون,شقة طابقية 470متر بأرقى أحياء عبدون,470,620000,1319,https://qoshan.com/property/%d8%b4%d9%82%d9%82-%d8%b7%d8%a7%d8%a8%d9%82%d9%8a%d8%a9-470%d9%85%d8%aa%d8%b1%d8%b4%d9%82%d8%a9-%d8%b7%d8%a7%d8%a8%d9%82%d9%8a%d8%a9-470%d9%85%d8%aa%d8%b1-%d8%a8%d8%a3%d8%b1%d9%82%d9%89-%d8%a3%d8%ad/
عبدون,شقة 220متر بسعر ممتاز في ارقى احياء عبدون,220,280000,1273,https://qoshan.com/property/%d8%b4%d9%82%d8%a9-220%d9%85%d8%aa%d8%b1-%d8%a8%d8%b3%d8%b9%d8%b1-%d9%85%d9%85%d8%aa%d8%a7%d8%b2-%d9%81%d9%8a-%d8%a7%d8%b1%d9%82%d9%89-%d8%a7%d8%ad%d9%8a%d8%a7%d8%a1-%d8%b9%d8%a8%d8%af%d9%88%d9%86/
عبدون,شقة 320م بأجمل اطلالة في أرقى مواقع عبدون,320,400000,1250,https://qoshan.com/property/%d8%b4%d9%82%d8%a9-320%d9%85-%d8%a8%d8%a3%d8%ac%d9%85%d9%84-%d8%a7%d8%b7%d9%84%d8%a7%d9%84%d8%a9-%d9%81%d9%8a-%d8%a3%d8%b1%d9%82%d9%89-%d9%85%d9%88%d8%a7%d9%82%d8%b9-%d8%b9%d8%a8%d8%af%d9%88%d9%86/
عبدون,شقة 120متر بتشطيبات خاصة في عبدون,120,150000,1250,https://qoshan.com/property/%d8%b4%d9%82%d8%a9-120%d9%85%d8%aa%d8%b1-%d8%a8%d8%aa%d8%b4%d8%b7%d9%8a%d8%a8%d8%a7%d8%aa-%d8%ae%d8%a7%d8%b5%d8%a9-%d9%81%d9%8a-%d8%b9%d8%a8%d8%af%d9%88%d9%86/
عبدون,شقة طابقية أرضية 450متر مع حديقة كبيرة في عبدون,450,550000,1222,https://qoshan.com/property/%d8%b4%d9%82%d8%a9-%d8%a3%d8%b1%d8%b6%d9%8a%d8%a9-450-%d9%85%d8%aa%d8%b1-%d8%a8%d8%aa%d8%b4%d8%b7%d9%8a%d8%a8%d8%a7%d8%aa-%d9%85%d9%85%d9%8a%d8%b2%d8%a9-%d9%81%d9%8a-%d8%b9%d8%a8%d8%af%d9%88%d9%86/
عبدون,شقة 365 متر مع حديقة وبركة سباحة في عبدون,365,445000,1219,https://qoshan.com/property/%d8%b4%d9%82%d8%a9-365-%d9%85%d8%aa%d8%b1-%d9%85%d8%b9-%d8%ad%d8%af%d9%8a%d9%82%d8%a9-%d9%88%d8%a8%d8%b1%d9%83%d8%a9-%d8%b3%d8%a8%d8%a7%d8%ad%d8%a9-%d9%81%d9%8a-%d8%b9%d8%a8%d8%af%d9%88%d9%86/
عبدون,شقة أرضية على مستوى الشارع 320م مع حديقة 250م,320,390000,1219,https://qoshan.com/property/%d8%b4%d9%82%d8%a9-%d8%a3%d8%b1%d8%b6%d9%8a%d8%a9-%d8%b9%d9%84%d9%89-%d9%85%d8%b3%d8%aa%d9%88%d9%89-%d8%a7%d9%84%d8%b4%d8%a7%d8%b1%d8%b9-320%d9%85-%d9%85%d8%b9-%d8%ad%d8%af%d9%8a%d9%82%d8%a9-250%d9%85/
عبدون,شقة أرضية دوبلكس في أرقى مناطق عبدون,310,375000,1210,https://qoshan.com/property/%d8%b4%d9%82%d8%a9-%d8%a3%d8%b1%d8%b6%d9%8a%d8%a9-%d8%af%d9%88%d8%a8%d9%84%d9%83%d8%b3-%d9%81%d9%8a-%d8%a3%d8%b1%d9%82%d9%89-%d9%85%d9%86%d8%a7%d8%b7%d9%82-%d8%b9%d8%a8%d8%af%d9%88%d9%86/
عبدون,شقق أرضية مع حديقة وبركة سباحة في عبدون,560,675000,1205,https://qoshan.com/property/%d8%b4%d9%82%d9%82-%d8%a3%d8%b1%d8%b6%d9%8a%d8%a9-%d9%85%d8%b9-%d8%ad%d8%af%d9%8a%d9%82%d8%a9-%d9%88%d8%a8%d8%b1%d9%83%d8%a9-%d8%b3%d8%a8%d8%a7%d8%ad%d8%a9-%d9%81%d9%8a-%d8%b9%d8%a8%d8%af%d9%88%d9%86/
عبدون,شقق 350م بأعلى المواصفات وأجمل مواقع عبدون,350,420000,1200,https://qoshan.com/property/%d8%b4%d9%82%d9%82-350%d9%85-%d8%a8%d8%a3%d8%b9%d9%84%d9%89-%d8%a7%d9%84%d9%85%d9%88%d8%a7%d8%b5%d9%81%d8%a7%d8%aa-%d9%88%d8%a3%d8%ac%d9%85%d9%84-%d9%85%d9%88%d8%a7%d9%82%d8%b9-%d8%b9%d8%a8%d8%af/
عبدون,شقة أرضية دوبلكس مع 300 متر ترسات وحدائق في عبدون,400,480000,1200,https://qoshan.com/property/%d8%b4%d9%82%d8%a9-%d8%a3%d8%b1%d8%b6%d9%8a%d8%a9-%d8%af%d9%88%d8%a8%d9%84%d9%83%d8%b3-%d9%85%d8%b9-300-%d9%85%d8%aa%d8%b1-%d8%aa%d8%b1%d8%b3%d8%a7%d8%aa-%d9%88%d8%ad%d8%af%d8%a7%d8%a6%d9%82-%d9%81/
عبدون,رووف بأعلى المواصفات واطلالة مميزة في عبدون,500,595000,1190,https://qoshan.com/property/%d8%b1%d9%88%d9%88%d9%81-%d8%a8%d8%a3%d8%b9%d9%84%d9%89-%d8%a7%d9%84%d9%85%d9%88%d8%a7%d8%b5%d9%81%d8%a7%d8%aa-%d9%88%d8%a7%d8%b7%d9%84%d8%a7%d9%84%d8%a9-%d9%85%d9%85%d9%8a%d8%b2%d8%a9-%d9%81%d9%8a/
عبدون,شقة أرضية 295م مع حديقة كبيرة في عبدون,295,350000,1186,https://qoshan.com/property/%d8%b4%d9%82%d8%a9-%d8%a3%d8%b1%d8%b6%d9%8a%d8%a9-295%d9%85-%d9%85%d8%b9-%d8%ad%d8%af%d9%8a%d9%82%d8%a9-%d9%83%d8%a8%d9%8a%d8%b1%d8%a9-%d9%81%d9%8a-%d8%b9%d8%a8%d8%af%d9%88%d9%86/
عبدون,شقق طابقية مميزة في أجمل مواقع عبدون,430,500000,1163,https://qoshan.com/property/%d8%b4%d9%82%d9%82-%d8%b7%d8%a7%d8%a8%d9%82%d9%8a%d8%a9-%d9%85%d9%85%d9%8a%d8%b2%d8%a9-%d9%81%d9%8a-%d8%a3%d8%ac%d9%85%d9%84-%d9%85%d9%88%d8%a7%d9%82%d8%b9-%d8%b9%d8%a8%d8%af%d9%88%d9%86/
عبدون,شقة دوبلكس مميزة مع رووف  في عبدون,334,385000,1153,https://qoshan.com/property/%d8%b4%d9%82%d8%a9-%d8%af%d9%88%d8%a8%d9%84%d9%83%d8%b3-%d9%85%d9%85%d9%8a%d8%b2%d8%a9-%d9%85%d8%b9-%d8%b1%d9%88%d9%88%d9%81-%d9%81%d9%8a-%d8%b9%d8%a8%d8%af%d9%88%d9%86/
عبدون,شقة 141م بمواصفات عالية للبيع في عبدون,141,162000,1149,https://qoshan.com/property/%d8%b4%d9%82%d8%a9-141%d9%85-%d8%a8%d9%85%d9%88%d8%a7%d8%b5%d9%81%d8%a7%d8%aa-%d8%b9%d8%a7%d9%84%d9%8a%d8%a9-%d9%84%d9%84%d8%a8%d9%8a%d8%b9-%d9%81%d9%8a-%d8%b9%d8%a8%d8%af%d9%88%d9%86/
عبدون,شقة أرضية مميزة مع حديقة في عبدون,156,179000,1147,https://qoshan.com/property/%d8%b4%d9%82%d8%a9-%d8%a3%d8%b1%d8%b6%d9%8a%d8%a9-%d9%85%d9%85%d9%8a%d8%b2%d8%a9-%d9%85%d8%b9-%d8%ad%d8%af%d9%8a%d9%82%d8%a9-%d9%81%d9%8a-%d8%b9%d8%a8%d8%af%d9%88%d9%86/
عبدون,شقة أرضية دوبلكس مع حديقة كبيرة في عبدون,395,450000,1139,https://qoshan.com/property/%d8%b4%d9%82%d8%a9-%d8%a3%d8%b1%d8%b6%d9%8a%d8%a9-%d8%af%d9%88%d8%a8%d9%84%d9%83%d8%b3-%d9%85%d8%b9-%d8%ad%d8%af%d9%8a%d9%82%d8%a9-%d9%83%d8%a8%d9%8a%d8%b1%d8%a9-%d9%81%d9%8a-%d8%b9%d8%a8%d8%af%d9%88/
عبدون,شقة أرضية استثمارية بموقع ممتاز في عبدون,146,165000,1130,https://qoshan.com/property/%d8%b4%d9%82%d8%a9-%d8%a3%d8%b1%d8%b6%d9%8a%d8%a9-%d8%a7%d8%b3%d8%aa%d8%ab%d9%85%d8%a7%d8%b1%d9%8a%d8%a9-%d8%a8%d9%85%d9%88%d9%82%d8%b9-%d9%85%d9%85%d8%aa%d8%a7%d8%b2-%d9%81%d9%8a-%d8%b9%d8%a8%d8%af/
عبدون,شقة إستثمارية مفروشة 2 نوم بالقرب من السفارة الأمريكية,79,89000,1127,https://qoshan.com/property/%d8%b4%d9%82%d8%a9-%d8%a5%d8%b3%d8%aa%d8%ab%d9%85%d8%a7%d8%b1%d9%8a%d8%a9-%d9%85%d9%81%d8%b1%d9%88%d8%b4%d8%a9-2-%d9%86%d9%88%d9%85-%d8%a8%d8%a7%d9%84%d9%82%d8%b1%d8%a8-%d9%85%d9%86-%d8%a7%d9%84%d8%b3/
عبدون,شقة أرضية 310م مع مدخل و كراج مستقل في عبدون,310,345000,1113,https://qoshan.com/property/%d8%b4%d9%82%d8%a9-%d8%a3%d8%b1%d8%b6%d9%8a%d8%a9-310%d9%85-%d9%85%d8%b9-%d9%85%d8%af%d8%ae%d9%84-%d9%88-%d9%83%d8%b1%d8%a7%d8%ac-%d9%85%d8%b3%d8%aa%d9%82%d9%84-%d9%81%d9%8a-%d8%b9%d8%a8%d8%af%d9%88/
عبدون,شقة أرضية 100 متر مفروشة في عبدون,100,110000,1100,https://qoshan.com/property/%d8%b4%d9%82%d8%a9-%d8%a3%d8%b1%d8%b6%d9%8a%d8%a9-100-%d9%85%d8%aa%d8%b1-%d9%85%d9%81%d8%b1%d9%88%d8%b4%d8%a9-%d9%81%d9%8a-%d8%b9%d8%a8%d8%af%d9%88%d9%86/
عبدون,رووف 300م بأعلى المواصفات وبأرقى أحياء عبدون,300,320000,1067,https://qoshan.com/property/%d8%b1%d9%88%d9%88%d9%81-300%d9%85-%d8%a8%d8%a3%d8%b9%d9%84%d9%89-%d8%a7%d9%84%d9%85%d9%88%d8%a7%d8%b5%d9%81%d8%a7%d8%aa-%d9%88%d8%a8%d8%a3%d8%b1%d9%82%d9%89-%d8%a3%d8%ad%d9%8a%d8%a7%d8%a1-%d8%b9/
عبدون,شقق مميزة 275 متر في عبدون,275,275000,1000,https://qoshan.com/property/%d8%b4%d9%82%d9%82-%d9%85%d9%85%d9%8a%d8%b2%d8%a9-275-%d9%85%d8%aa%d8%b1-%d9%81%d9%8a-%d8%b9%d8%a8%d8%af%d9%88%d9%86/
عبدون,رووف 400م في أجمل مواقع عبدون,400,400000,1000,https://qoshan.com/property/%d8%b1%d9%88%d9%88%d9%81-400%d9%85-%d9%81%d9%8a-%d8%a3%d8%ac%d9%85%d9%84-%d9%85%d9%88%d8%a7%d9%82%d8%b9-%d8%b9%d8%a8%d8%af%d9%88%d9%86/
عبدون,شقة أرضي معلق 3 نوم بتشطيبات مميزة في عبدون,222,220000,991,https://qoshan.com/property/%d8%b4%d9%82%d8%a9-%d8%a3%d8%b1%d8%b6%d9%8a-%d9%85%d8%b9%d9%84%d9%82-3-%d9%86%d9%88%d9%85-%d8%a8%d8%aa%d8%b4%d8%b7%d9%8a%d8%a8%d8%a7%d8%aa-%d9%85%d9%85%d9%8a%d8%b2%d8%a9-%d9%81%d9%8a-%d8%b9%d8%a8/
عبدون,طابقية 300م بإطلالة مميزة في عبدون,300,295000,983,https://qoshan.com/property/%d8%b7%d8%a7%d8%a8%d9%82%d9%8a%d8%a9-300%d9%85-%d8%a8%d8%a5%d8%b7%d9%84%d8%a7%d9%84%d8%a9-%d9%85%d9%85%d9%8a%d8%b2%d8%a9-%d9%81%d9%8a-%d8%b9%d8%a8%d8%af%d9%88%d9%86/
عبدون,شقة 281متر بسعر ممتاز خلف السعودية,281,270000,961,https://qoshan.com/property/%d8%b4%d9%82%d8%a9-281%d9%85%d8%aa%d8%b1-%d8%a8%d8%b3%d8%b9%d8%b1-%d9%85%d9%85%d8%aa%d8%a7%d8%b2-%d8%ae%d9%84%d9%81-%d8%a7%d9%84%d8%b3%d8%b9%d9%88%d8%af%d9%8a%d8%a9/
عبدون,شقة طابقية 281م باطلالة دائمة في عبدون,281,265000,943,https://qoshan.com/property/%d8%b4%d9%82%d8%a9-%d8%b7%d8%a7%d8%a8%d9%82%d9%8a%d8%a9-281%d9%85-%d8%a8%d8%a7%d8%b7%d9%84%d8%a7%d9%84%d8%a9-%d8%af%d8%a7%d8%a6%d9%85%d8%a9-%d9%81%d9%8a-%d8%b9%d8%a8%d8%af%d9%88%d9%86/
عبدون,شقة 100م مفروشة بالكامل في عبدون,100,93000,930,https://qoshan.com/property/%d8%b4%d9%82%d8%a9-100%d9%85-%d9%85%d9%81%d8%b1%d9%88%d8%b4%d8%a9-%d8%a8%d8%a7%d9%84%d9%83%d8%a7%d9%85%d9%84-%d9%81%d9%8a-%d8%b9%d8%a8%d8%af%d9%88%d9%86/
عبدون,شقة طابق أول 367 متر في عبدون,367,340000,926,https://qoshan.com/property/%d8%b4%d9%82%d8%a9-%d8%b7%d8%a7%d8%a8%d9%82-%d8%a3%d9%88%d9%84-367-%d9%85%d8%aa%d8%b1-%d9%81%d9%8a-%d8%b9%d8%a8%d8%af%d9%88%d9%86/
عبدون,شقة أرضية 205م مع بركة سباحة في عبدون,325,300000,923,https://qoshan.com/property/%d8%b4%d9%82%d8%a9-%d8%a3%d8%b1%d8%b6%d9%8a%d8%a9-205%d9%85-%d9%85%d8%b9-%d8%a8%d8%b1%d9%83%d8%a9-%d8%b3%d8%a8%d8%a7%d8%ad%d8%a9-%d9%81%d9%8a-%d8%b9%d8%a8%d8%af%d9%88%d9%86/
عبدون,أرضية طابقية مع حديقة كبيرة في عبدون,320,290000,906,https://qoshan.com/property/%d8%a3%d8%b1%d8%b6%d9%8a%d8%a9-%d8%b7%d8%a7%d8%a8%d9%82%d9%8a%d8%a9-%d9%85%d8%b9-%d8%ad%d8%af%d9%8a%d9%82%d8%a9-%d9%83%d8%a8%d9%8a%d8%b1%d8%a9-%d9%81%d9%8a-%d8%b9%d8%a8%d8%af%d9%88%d9%86/
عبدون,شقة طابقية 455م في أفضل أحياء عبدون,455,400000,879,https://qoshan.com/property/%d8%b4%d9%82%d8%a9-%d8%b7%d8%a7%d8%a8%d9%82%d9%8a%d8%a9-455%d9%85-%d9%81%d9%8a-%d8%a3%d9%81%d8%b6%d9%84-%d8%a3%d8%ad%d9%8a%d8%a7%d8%a1-%d8%b9%d8%a8%d8%af%d9%88%d9%86/
عبدون,شقة ارضية دوبلكس بأرقى مناطق عبدون,410,360000,878,https://qoshan.com/property/%d8%b4%d9%82%d8%a9-%d8%a7%d8%b1%d8%b6%d9%8a%d8%a9-%d8%af%d9%88%d8%a8%d9%84%d9%83%d8%b3-%d8%a8%d8%a3%d8%b1%d9%82%d9%89-%d9%85%d9%86%d8%a7%d8%b7%d9%82-%d8%b9%d8%a8%d8%af%d9%88%d9%86/
عبدون,شقة 4 نوم مع مطبخ راكب في أرقى مواقع عبدون,268,230000,858,https://qoshan.com/property/%d8%b4%d9%82%d8%a9-4-%d9%86%d9%88%d9%85-%d9%85%d8%b9-%d9%85%d8%b7%d8%a8%d8%ae-%d8%b1%d8%a7%d9%83%d8%a8-%d9%81%d9%8a-%d8%a3%d8%b1%d9%82%d9%89-%d9%85%d9%88%d8%a7%d9%82%d8%b9-%d8%b9%d8%a8%d8%af%d9%88/
عبدون,دوبلكس 361م بتشطيبات عالية في عبدون,361,295000,817,https://qoshan.com/property/%d8%af%d9%88%d8%a8%d9%84%d9%83%d8%b3-361%d9%85-%d8%a8%d8%aa%d8%b4%d8%b7%d9%8a%d8%a8%d8%a7%d8%aa-%d8%b9%d8%a7%d9%84%d9%8a%d8%a9-%d9%81%d9%8a-%d8%b9%d8%a8%d8%af%d9%88%d9%86/
عبدون,شقة أرضية مع حديقة في عبدون,198,160000,808,https://qoshan.com/property/%d8%b4%d9%82%d8%a9-%d8%a3%d8%b1%d8%b6%d9%8a%d8%a9-%d9%85%d8%b9-%d8%ad%d8%af%d9%8a%d9%82%d8%a9-%d9%81%d9%8a-%d8%b9%d8%a8%d8%af%d9%88%d9%86/
عبدون,شقة أرضية 288م بموقع مميز في عبدون,288,230000,799,https://qoshan.com/property/%d8%b4%d9%82%d8%a9-%d8%a3%d8%b1%d8%b6%d9%8a%d8%a9-288%d9%85-%d8%a8%d9%85%d9%88%d9%82%d8%b9-%d9%85%d9%85%d9%8a%d8%b2-%d9%81%d9%8a-%d8%b9%d8%a8%d8%af%d9%88%d9%86/
عبدون,شقة مميزة طابق أول 160 متر في عبدون,220,170000,773,https://qoshan.com/property/%d8%b4%d9%82%d8%a9-%d9%85%d9%85%d9%8a%d8%b2%d8%a9-%d8%b7%d8%a7%d8%a8%d9%82-%d8%a3%d9%88%d9%84-160-%d9%85%d8%aa%d8%b1-%d9%81%d9%8a-%d8%b9%d8%a8%d8%af%d9%88%d9%86/
عبدون,روف 318م في احياء عبدون الشمالي,318,245000,770,https://qoshan.com/property/%d8%b1%d9%88%d9%81-318%d9%85-%d9%81%d9%8a-%d8%a7%d8%ad%d9%8a%d8%a7%d8%a1-%d8%b9%d8%a8%d8%af%d9%88%d9%86-%d8%a7%d9%84%d8%b4%d9%85%d8%a7%d9%84%d9%8a/
عبدون,رووف دوبلكس بأعلى التشطيبات في عبدون,280,200000,714,https://qoshan.com/property/%d8%b1%d9%88%d9%88%d9%81-%d8%af%d9%88%d8%a8%d9%84%d9%83%d8%b3-%d8%a8%d8%a3%d8%b9%d9%84%d9%89-%d8%a7%d9%84%d8%aa%d8%b4%d8%b7%d9%8a%d8%a8%d8%a7%d8%aa-%d9%81%d9%8a-%d8%b9%d8%a8%d8%af%d9%88%d9%86/
عبدون,رووف طابقي 3 نوم بأجمل اطلالة في عبدون,362,235000,649,https://qoshan.com/property/%d8%b1%d9%88%d9%88%d9%81-%d8%b7%d8%a7%d8%a8%d9%82%d9%8a-3-%d9%86%d9%88%d9%85-%d8%a8%d8%a3%d8%ac%d9%85%d9%84-%d8%a7%d8%b7%d9%84%d8%a7%d9%84%d8%a9-%d9%81%d9%8a-%d8%b9%d8%a8%d8%af%d9%88%d9%86/
دابوق,رووف مميز للبيع بمساحة 170م+ 140م ترسات في دابوق,170,285000,1676,https://qoshan.com/property/%d8%b1%d9%88%d9%88%d9%81-%d9%85%d9%85%d9%8a%d8%b2-%d9%84%d9%84%d8%a8%d9%8a%d8%b9-%d8%a8%d9%85%d8%b3%d8%a7%d8%ad%d8%a9-170%d9%85-140%d9%85-%d8%aa%d8%b1%d8%b3%d8%a7%d8%aa-%d9%81%d9%8a-%d8%af%d8%a7/
دابوق,رووف طابقي بأجمل اطلالة في دابوق,205,325000,1585,https://qoshan.com/property/%d8%b1%d9%88%d9%88%d9%81-%d8%b7%d8%a7%d8%a8%d9%82%d9%8a-%d8%a8%d8%a3%d8%ac%d9%85%d9%84-%d8%a7%d8%b7%d9%84%d8%a7%d9%84%d8%a9-%d9%81%d9%8a-%d8%af%d8%a7%d8%a8%d9%88%d9%82/
دابوق,رووف طابقي 200م بأجمل إطلالة في دابوق,200,310000,1550,https://qoshan.com/property/%d8%b1%d9%88%d9%88%d9%81-%d8%b7%d8%a7%d8%a8%d9%82%d9%8a-200%d9%85-%d8%a8%d8%a3%d8%ac%d9%85%d9%84-%d8%a5%d8%b7%d9%84%d8%a7%d9%84%d8%a9-%d9%81%d9%8a-%d8%af%d8%a7%d8%a8%d9%88%d9%82/
دابوق,شقة طابقية 310م ضمن سكن خاص في دابوق,310,445000,1435,https://qoshan.com/property/%d8%b4%d9%82%d8%a9-%d8%b7%d8%a7%d8%a8%d9%82%d9%8a%d8%a9-310%d9%85-%d8%b6%d9%85%d9%86-%d8%b3%d9%83%d9%86-%d8%ae%d8%a7%d8%b5-%d9%81%d9%8a-%d8%af%d8%a7%d8%a8%d9%88%d9%82/
دابوق,رووف مميز١٦٠ متر مع تراسات١٨٠ متر,160,225000,1406,https://qoshan.com/property/%d8%b1%d9%88%d9%88%d9%81-%d9%85%d9%85%d9%8a%d8%b2%d9%a1%d9%a6%d9%a0-%d9%85%d8%aa%d8%b1-%d9%85%d8%b9-%d8%aa%d8%b1%d8%a7%d8%b3%d8%a7%d8%aa%d9%a1%d9%a8%d9%a0-%d9%85%d8%aa%d8%b1/
دابوق,رووف مع بركة سباحة للبيع في دابوق,235,330000,1404,https://qoshan.com/property/%d8%b1%d9%88%d9%88%d9%81-%d9%85%d8%b9-%d8%a8%d8%b1%d9%83%d8%a9-%d8%b3%d8%a8%d8%a7%d8%ad%d8%a9-%d9%84%d9%84%d8%a8%d9%8a%d8%b9-%d9%81%d9%8a-%d8%af%d8%a7%d8%a8%d9%88%d9%82/
دابوق,شقة طابقية أرضية بمساحة 315م مميزة في دابوق,345,465000,1348,https://qoshan.com/property/%d8%b4%d9%82%d8%a9-%d8%b7%d8%a7%d8%a8%d9%82%d9%8a%d8%a9-%d8%a3%d8%b1%d8%b6%d9%8a%d8%a9-%d8%a8%d9%85%d8%b3%d8%a7%d8%ad%d8%a9-315%d9%85-%d9%85%d9%85%d9%8a%d8%b2%d8%a9-%d9%81%d9%8a-%d8%af%d8%a7%d8%a8/
دابوق,شقة شبه أرضي 4 غرف بإطلالة فخمة في دابوق,245,300000,1224,https://qoshan.com/property/%d8%b4%d9%82%d8%a9-%d8%b4%d8%a8%d9%87-%d8%a3%d8%b1%d8%b6%d9%8a-4-%d8%ba%d8%b1%d9%81-%d8%a8%d8%a5%d8%b7%d9%84%d8%a7%d9%84%d8%a9-%d9%81%d8%ae%d9%85%d8%a9-%d9%81%d9%8a-%d8%af%d8%a7%d8%a8%d9%88%d9%82/
دابوق,شقق طابقية 330متر في أرقى أحياء دابوق,330,395000,1197,https://qoshan.com/property/%d8%b4%d9%82%d9%82-%d8%b7%d8%a7%d8%a8%d9%82%d9%8a%d8%a9-330%d9%85%d8%aa%d8%b1-%d9%81%d9%8a-%d8%a3%d8%b1%d9%82%d9%89-%d8%a3%d8%ad%d9%8a%d8%a7%d8%a1-%d8%af%d8%a7%d8%a8%d9%88%d9%82/
دابوق,شقة طابق أول 290م بأعلى المواصفات في دابوق,290,345000,1190,https://qoshan.com/property/%d8%b4%d9%82%d8%a9-%d8%b7%d8%a7%d8%a8%d9%82-%d8%a3%d9%88%d9%84-290%d9%85-%d8%a8%d8%a3%d8%b9%d9%84%d9%89-%d8%a7%d9%84%d9%85%d9%88%d8%a7%d8%b5%d9%81%d8%a7%d8%aa-%d9%81%d9%8a-%d8%af%d8%a7%d8%a8%d9%88/
دابوق,شقة أرضية مع ترس و مدخل و كراج مستقل في أجمل أحياء دابوق,230,269000,1170,https://qoshan.com/property/%d8%b4%d9%82%d8%a9-%d8%a3%d8%b1%d8%b6%d9%8a%d8%a9-%d9%a2%d9%a3%d9%a0%d9%85-%d9%85%d8%b9-%d8%aa%d8%b1%d8%b3-%d9%a5%d9%a0%d9%85-%d9%88-%d9%85%d8%af%d8%ae%d9%84-%d9%88-%d9%83%d8%b1%d8%a7%d8%ac-%d9%85/
دابوق,دوبلكس مفروشة بإطلالة مميزة في دابوق للبيع,260,295000,1135,https://qoshan.com/property/%d8%af%d9%88%d8%a8%d9%84%d9%83%d8%b3-%d9%85%d9%81%d8%b1%d9%88%d8%b4%d8%a9-%d8%a8%d8%a5%d8%b7%d9%84%d8%a7%d9%84%d8%a9-%d9%85%d9%85%d9%8a%d8%b2%d8%a9-%d9%81%d9%8a-%d8%af%d8%a7%d8%a8%d9%88%d9%82-%d9%84/
دابوق,رووف وتوب رووف 4 نوم في أرقى مناطق دابوق,328,360000,1098,https://qoshan.com/property/%d8%b1%d9%88%d9%88%d9%81-%d9%88%d8%aa%d9%88%d8%a8-%d8%b1%d9%88%d9%88%d9%81-4-%d9%86%d9%88%d9%85-%d9%81%d9%8a-%d8%a3%d8%b1%d9%82%d9%89-%d9%85%d9%86%d8%a7%d8%b7%d9%82-%d8%af%d8%a7%d8%a8%d9%88%d9%82/
دابوق,شبه ارضي طابقي مع حديقة وبركة في دابوق,389,410000,1054,https://qoshan.com/property/%d8%b4%d8%a8%d9%87-%d8%a7%d8%b1%d8%b6%d9%8a-%d8%b7%d8%a7%d8%a8%d9%82%d9%8a-%d9%85%d8%b9-%d8%ad%d8%af%d9%8a%d9%82%d8%a9-%d9%88%d8%a8%d8%b1%d9%83%d8%a9-%d9%81%d9%8a-%d8%af%d8%a7%d8%a8%d9%88%d9%82/
دابوق,شقة 195م طابق أول بسعر ممتاز في دابوق,195,205000,1051,https://qoshan.com/property/%d8%b4%d9%82%d8%a9-195%d9%85-%d8%b7%d8%a7%d8%a8%d9%82-%d8%a3%d9%88%d9%84-%d8%a8%d8%b3%d8%b9%d8%b1-%d9%85%d9%85%d8%aa%d8%a7%d8%b2-%d9%81%d9%8a-%d8%af%d8%a7%d8%a8%d9%88%d9%82/
دابوق,رووف طابقي 4 غرف نوم بأجمل اطلالة في دابوق,430,450000,1047,https://qoshan.com/property/%d8%b1%d9%88%d9%88%d9%81-%d8%b7%d8%a7%d8%a8%d9%82%d9%8a-4-%d8%ba%d8%b1%d9%81-%d9%86%d9%88%d9%85-%d8%a8%d8%a3%d8%ac%d9%85%d9%84-%d8%a7%d8%b7%d9%84%d8%a7%d9%84%d8%a9-%d9%81%d9%8a-%d8%af%d8%a7%d8%a8/
دابوق,شقة طابق أول 163 متر في دابوق,163,170000,1043,https://qoshan.com/property/%d8%b4%d9%82%d8%a9-%d8%b7%d8%a7%d8%a8%d9%82-%d8%a3%d9%88%d9%84-163-%d9%85%d8%aa%d8%b1-%d9%81%d9%8a-%d8%af%d8%a7%d8%a8%d9%88%d9%82/
دابوق,شقة 200م في أفضل مواقع دابوق للبيع,200,205000,1025,https://qoshan.com/property/%d8%b4%d9%82%d8%a9-200%d9%85-%d9%81%d9%8a-%d8%a3%d9%81%d8%b6%d9%84-%d9%85%d9%88%d8%a7%d9%82%d8%b9-%d8%af%d8%a7%d8%a8%d9%88%d9%82-%d9%84%d9%84%d8%a8%d9%8a%d8%b9/
دابوق,مساحات صغيرة بأجمل مناطق دابوق,160,160000,1000,https://qoshan.com/property/%d9%85%d8%b3%d8%a7%d8%ad%d8%a7%d8%aa-%d8%b5%d8%ba%d9%8a%d8%b1%d8%a9-%d8%a8%d8%a3%d8%ac%d9%85%d9%84-%d9%85%d9%86%d8%a7%d8%b7%d9%82-%d8%af%d8%a7%d8%a8%d9%88%d9%82/
دابوق,شقة 184 متر في أجمل مناطق دابوق,184,180000,978,https://qoshan.com/property/%d8%b4%d9%82%d8%a9-184-%d9%85%d8%aa%d8%b1-%d9%81%d9%8a-%d8%a3%d8%ac%d9%85%d9%84-%d9%85%d9%86%d8%a7%d8%b7%d9%82-%d8%af%d8%a7%d8%a8%d9%88%d9%82/
دابوق,شبه أرضي 3 نوم مع حديقة بأرقى أحياء دابوق,167,163000,976,https://qoshan.com/property/%d8%b4%d8%a8%d9%87-%d8%a3%d8%b1%d8%b6%d9%8a-3-%d9%86%d9%88%d9%85-%d9%85%d8%b9-%d8%ad%d8%af%d9%8a%d9%82%d8%a9-%d8%a8%d8%a3%d8%b1%d9%82%d9%89-%d8%a3%d8%ad%d9%8a%d8%a7%d8%a1-%d8%af%d8%a7%d8%a8%d9%88/
دابوق,شقة 429م مع حديقة كبيرة في أرقى مناطق دابوق,429,410000,956,https://qoshan.com/property/%d8%b4%d9%82%d8%a9-429%d9%85-%d9%85%d8%b9-%d8%ad%d8%af%d9%8a%d9%82%d8%a9-%d9%83%d8%a8%d9%8a%d8%b1%d8%a9-%d9%81%d9%8a-%d8%a3%d8%b1%d9%82%d9%89-%d9%85%d9%86%d8%a7%d8%b7%d9%82-%d8%af%d8%a7%d8%a8%d9%88/
دابوق,شقة طابقية 420م بإطلالة مميزة في دابوق,420,400000,952,https://qoshan.com/property/%d8%b4%d9%82%d8%a9-%d8%b7%d8%a7%d8%a8%d9%82%d9%8a%d8%a9-420%d9%85-%d8%a8%d8%a5%d8%b7%d9%84%d8%a7%d9%84%d8%a9-%d9%85%d9%85%d9%8a%d8%b2%d8%a9-%d9%81%d9%8a-%d8%af%d8%a7%d8%a8%d9%88%d9%82/
دابوق,رووف 200 متر مع تراسات 150 متر في دابوق,200,190000,950,https://qoshan.com/property/%d8%b1%d9%88%d9%88%d9%81-200-%d9%85%d8%aa%d8%b1-%d9%85%d8%b9-%d8%aa%d8%b1%d8%a7%d8%b3%d8%a7%d8%aa-150-%d9%85%d8%aa%d8%b1-%d9%81%d9%8a-%d8%af%d8%a7%d8%a8%d9%88%d9%82/
دابوق,شقة 315م بموقع مميز في دابوق,315,295000,937,https://qoshan.com/property/%d8%b4%d9%82%d8%a9-315%d9%85-%d8%a8%d9%85%d9%88%d9%82%d8%b9-%d9%85%d9%85%d9%8a%d8%b2-%d9%81%d9%8a-%d8%af%d8%a7%d8%a8%d9%88%d9%82/
دابوق,شقة شبه أرضية مع حديقة 250 متر في دابوق,270,245000,907,https://qoshan.com/property/%d8%b4%d9%82%d8%a9-%d8%b4%d8%a8%d9%87-%d8%a3%d8%b1%d8%b6%d9%8a%d8%a9-%d9%85%d8%b9-%d8%ad%d8%af%d9%8a%d9%82%d8%a9-250-%d9%85%d8%aa%d8%b1-%d9%81%d9%8a-%d8%af%d8%a7%d8%a8%d9%88%d9%82/
دابوق,رووف طابقي 5 غرف نوم مميز في دابوق,410,350000,854,https://qoshan.com/property/%d8%b1%d9%88%d9%88%d9%81-%d8%b7%d8%a7%d8%a8%d9%82%d9%8a-5-%d8%ba%d8%b1%d9%81-%d9%86%d9%88%d9%85-%d9%85%d9%85%d9%8a%d8%b2-%d9%81%d9%8a-%d8%af%d8%a7%d8%a8%d9%88%d9%82/
دابوق,شقة فاخرة و مفروشة للبيع بمساحة 190م في دابوق,190,160000,842,https://qoshan.com/property/%d8%b4%d9%82%d8%a9-%d9%81%d8%a7%d8%ae%d8%b1%d8%a9-%d9%88-%d9%85%d9%81%d8%b1%d9%88%d8%b4%d8%a9-%d9%84%d9%84%d8%a8%d9%8a%d8%b9-%d8%a8%d9%85%d8%b3%d8%a7%d8%ad%d8%a9-190%d9%85-%d9%81%d9%8a-%d8%af%d8%a7/
دابوق,شقة 430متر مميزة مع ترس وكراج في دابوق,430,350000,814,https://qoshan.com/property/%d8%b4%d9%82%d8%a9-430%d9%85%d8%aa%d8%b1-%d9%85%d9%85%d9%8a%d8%b2%d8%a9-%d9%85%d8%b9-%d8%aa%d8%b1%d8%b3-%d9%88%d9%83%d8%b1%d8%a7%d8%ac-%d9%81%d9%8a-%d8%af%d8%a7%d8%a8%d9%88%d9%82/
دابوق,رووف طابقي 3 نوم بأجمل إطلالة في دابوق,340,275000,809,https://qoshan.com/property/%d8%b1%d9%88%d9%88%d9%81-%d8%b7%d8%a7%d8%a8%d9%82%d9%8a-3-%d9%86%d9%88%d9%85-%d8%a8%d8%a3%d8%ac%d9%85%d9%84-%d8%a5%d8%b7%d9%84%d8%a7%d9%84%d8%a9-%d9%81%d9%8a-%d8%af%d8%a7%d8%a8%d9%88%d9%82/
دابوق,رووف مفروش بالكامل في أرقى مناطق دابوق,331,265000,801,https://qoshan.com/property/%d8%b1%d9%88%d9%88%d9%81-%d9%85%d9%81%d8%b1%d9%88%d8%b4-%d8%a8%d8%a7%d9%84%d9%83%d8%a7%d9%85%d9%84-%d9%81%d9%8a-%d8%a3%d8%b1%d9%82%d9%89-%d9%85%d9%86%d8%a7%d8%b7%d9%82-%d8%af%d8%a7%d8%a8%d9%88%d9%82/
دابوق,شقة 200متر مفروشة بسعر ممتاز في دابوق,200,160000,800,https://qoshan.com/property/%d8%b4%d9%82%d8%a9-200%d9%85%d8%aa%d8%b1-%d9%85%d9%81%d8%b1%d9%88%d8%b4%d8%a9-%d8%a8%d8%b3%d8%b9%d8%b1-%d9%85%d9%85%d8%aa%d8%a7%d8%b2-%d9%81%d9%8a-%d8%af%d8%a7%d8%a8%d9%88%d9%82/
دابوق,رووف بإطلالة مميزة وتشطيبات خاصة في دابوق,340,270000,794,https://qoshan.com/property/%d8%b1%d9%88%d9%88%d9%81-%d8%a8%d8%a5%d8%b7%d9%84%d8%a7%d9%84%d8%a9-%d9%85%d9%85%d9%8a%d8%b2%d8%a9-%d9%88%d8%aa%d8%b4%d8%b7%d9%8a%d8%a8%d8%a7%d8%aa-%d8%ae%d8%a7%d8%b5%d8%a9-%d9%81%d9%8a-%d8%af%d8%a7/
دابوق,شقة مميزة مساحة 270م في دابوق,270,210000,778,https://qoshan.com/property/%d8%b4%d9%82%d8%a9-%d9%85%d9%85%d9%8a%d8%b2%d8%a9-%d9%85%d8%b3%d8%a7%d8%ad%d8%a9-270%d9%85-%d9%81%d9%8a-%d8%af%d8%a7%d8%a8%d9%88%d9%82/
دابوق,شقق 3 نوم بمساحات واسعة بموقع مميز في دابوق,200,150000,750,https://qoshan.com/property/%d8%b4%d9%82%d9%82-3-%d9%86%d9%88%d9%85-%d8%a8%d9%85%d8%b3%d8%a7%d8%ad%d8%a7%d8%aa-%d9%88%d8%a7%d8%b3%d8%b9%d8%a9-%d8%a8%d9%85%d9%88%d9%82%d8%b9-%d9%85%d9%85%d9%8a%d8%b2-%d9%81%d9%8a-%d8%af%d8%a7/
دابوق,شقة 250م مع حديقة كبيرة في مناطق دابوق الهادئة,250,185000,740,https://qoshan.com/property/%d8%b4%d9%82%d8%a9-250%d9%85-%d9%85%d8%b9-%d8%ad%d8%af%d9%8a%d9%82%d8%a9-%d9%83%d8%a8%d9%8a%d8%b1%d8%a9-%d9%81%d9%8a-%d9%85%d9%86%d8%a7%d8%b7%d9%82-%d8%af%d8%a7%d8%a8%d9%88%d9%82-%d8%a7%d9%84%d9%87/
دابوق,شقة مميزة للبيع بمساحة 186 م بدابوق,325,150000,462,https://qoshan.com/property/%d8%b4%d9%82%d8%a9-%d9%85%d9%85%d9%8a%d8%b2%d8%a9-%d9%84%d9%84%d8%a8%d9%8a%d8%b9-%d8%a8%d9%85%d8%b3%d8%a7%d8%ad%d8%a9-186-%d9%85-%d8%a8%d8%af%d8%a7%d8%a8%d9%88%d9%82/
دير غبار,شقق 4 نوم بأسعار مميزة بالقرب من مدارس القمة,237,450000,1899,https://qoshan.com/property/%d8%b4%d9%82%d9%82-4-%d9%86%d9%88%d9%85-%d8%a8%d8%a3%d8%b3%d8%b9%d8%a7%d8%b1-%d9%85%d9%85%d9%8a%d8%b2%d8%a9-%d8%a8%d8%a7%d9%84%d9%82%d8%b1%d8%a8-%d9%85%d9%86-%d9%85%d8%af%d8%a7%d8%b1%d8%b3-%d8%a7/
دير غبار,شقة أرضية في أجمل مواقع ديرغبار,287,380000,1324,https://qoshan.com/property/%d8%b4%d9%82%d8%a9-%d8%a3%d8%b1%d8%b6%d9%8a%d8%a9-%d9%81%d9%8a-%d8%a3%d8%ac%d9%85%d9%84-%d9%85%d9%88%d8%a7%d9%82%d8%b9-%d8%af%d9%8a%d8%b1%d8%ba%d8%a8%d8%a7%d8%b1/
دير غبار,شقه 76متر مفروشة للبيع في دير غبار,76,97000,1276,https://qoshan.com/property/%d8%b4%d9%82%d9%87-76%d9%85%d8%aa%d8%b1-%d9%85%d9%81%d8%b1%d9%88%d8%b4%d8%a9-%d9%84%d9%84%d8%a8%d9%8a%d8%b9-%d9%81%d9%8a-%d8%af%d9%8a%d8%b1-%d8%ba%d8%a8%d8%a7%d8%b1/
دير غبار,270متر بأعلى المواصفات بموقع مميز في دير غبار,270,335000,1241,https://qoshan.com/property/270%d9%85%d8%aa%d8%b1-%d8%a8%d8%a3%d8%b9%d9%84%d9%89-%d8%a7%d9%84%d9%85%d9%88%d8%a7%d8%b5%d9%81%d8%a7%d8%aa-%d8%a8%d9%85%d9%88%d9%82%d8%b9-%d9%85%d9%85%d9%8a%d8%b2-%d9%81%d9%8a-%d8%af%d9%8a%d8%b1/
دير غبار,شقة طابقية 330م بموقع مميز في دير غبار,330,395000,1197,https://qoshan.com/property/%d8%b4%d9%82%d8%a9-%d8%b7%d8%a7%d8%a8%d9%82%d9%8a%d8%a9-330%d9%85-%d8%a8%d9%85%d9%88%d9%82%d8%b9-%d9%85%d9%85%d9%8a%d8%b2-%d9%81%d9%8a-%d8%af%d9%8a%d8%b1-%d8%ba%d8%a8%d8%a7%d8%b1/
دير غبار,شقة طابقية 390م فخمة بأرقى أحياء دير غبار,390,450000,1154,https://qoshan.com/property/%d8%b4%d9%82%d8%a9-%d8%b7%d8%a7%d8%a8%d9%82%d9%8a%d8%a9-390%d9%85-%d9%81%d8%ae%d9%85%d8%a9-%d8%a8%d8%a3%d8%b1%d9%82%d9%89-%d8%a3%d8%ad%d9%8a%d8%a7%d8%a1-%d8%af%d9%8a%d8%b1-%d8%ba%d8%a8%d8%a7%d8%b1/
دير غبار,شقة ارضية 209م ضمن كومباوند في ديرغبار,209,240000,1148,https://qoshan.com/property/%d8%b4%d9%82%d8%a9-%d8%a7%d8%b1%d8%b6%d9%8a%d8%a9-209%d9%85-%d8%b6%d9%85%d9%86-%d9%83%d9%88%d9%85%d8%a8%d8%a7%d9%88%d9%86%d8%af-%d9%81%d9%8a-%d8%af%d9%8a%d8%b1%d8%ba%d8%a8%d8%a7%d8%b1/
دير غبار,طابق أخير 209 م مع رووف بإطلالة فخمة في دير غبار,209,240000,1148,https://qoshan.com/property/%d8%b7%d8%a7%d8%a8%d9%82-%d8%a3%d8%ae%d9%8a%d8%b1-209-%d9%85-%d9%85%d8%b9-%d8%b1%d9%88%d9%88%d9%81-%d8%a8%d8%a5%d8%b7%d9%84%d8%a7%d9%84%d8%a9-%d9%81%d8%ae%d9%85%d8%a9-%d9%81%d9%8a-%d8%af%d9%8a%d8%b1/
دير غبار,أخير مع رووف في موقع حيوي في دير غبار,150,170000,1133,https://qoshan.com/property/%d8%a3%d8%ae%d9%8a%d8%b1-%d9%85%d8%b9-%d8%b1%d9%88%d9%88%d9%81-%d9%81%d9%8a-%d9%85%d9%88%d9%82%d8%b9-%d8%ad%d9%8a%d9%88%d9%8a-%d9%81%d9%8a-%d8%af%d9%8a%d8%b1-%d8%ba%d8%a8%d8%a7%d8%b1/
دير غبار,شقة طابقية 4 نوم مع بلكونة كبيرة في دير غبار,310,350000,1129,https://qoshan.com/property/%d8%b4%d9%82%d8%a9-%d8%b7%d8%a7%d8%a8%d9%82%d9%8a%d8%a9-4-%d9%86%d9%88%d9%85-%d9%85%d8%b9-%d8%a8%d9%84%d9%83%d9%88%d9%86%d8%a9-%d9%83%d8%a8%d9%8a%d8%b1%d8%a9-%d9%81%d9%8a-%d8%af%d9%8a%d8%b1-%d8%ba/
دير غبار,أخير مع رووف في أجمل مواقع دير غبار بإطلالة فخمة,380,425000,1118,https://qoshan.com/property/%d8%a3%d8%ae%d9%8a%d8%b1-%d9%85%d8%b9-%d8%b1%d9%88%d9%88%d9%81-%d9%81%d9%8a-%d8%a3%d8%ac%d9%85%d9%84-%d9%85%d9%88%d8%a7%d9%82%d8%b9-%d8%af%d9%8a%d8%b1-%d8%ba%d8%a8%d8%a7%d8%b1-%d8%a8%d8%a5%d8%b7%d9%84/
دير غبار,شقة أرضية مع مدخل خاص وتراس أمامي في دير غبار,188,210000,1117,https://qoshan.com/property/%d8%b4%d9%82%d8%a9-%d8%a3%d8%b1%d8%b6%d9%8a%d8%a9-%d9%85%d8%b9-%d9%85%d8%af%d8%ae%d9%84-%d8%ae%d8%a7%d8%b5-%d9%88%d8%aa%d8%b1%d8%a7%d8%b3-%d8%a3%d9%85%d8%a7%d9%85%d9%8a-%d9%81%d9%8a-%d8%af%d9%8a%d8%b1/
دير غبار,شبه أرضي مع حديقة كبيرة بأجمل مناطق دير غبار,200,220000,1100,https://qoshan.com/property/%d8%b4%d8%a8%d9%87-%d8%a3%d8%b1%d8%b6%d9%8a-%d9%85%d8%b9-%d8%ad%d8%af%d9%8a%d9%82%d8%a9-%d9%83%d8%a8%d9%8a%d8%b1%d8%a9-%d8%a8%d8%a3%d8%ac%d9%85%d9%84-%d9%85%d9%86%d8%a7%d8%b7%d9%82-%d8%af%d9%8a%d8%b1/
دير غبار,طابق أخير 180م مع رووف في دير غبار,180,198000,1100,https://qoshan.com/property/%d8%b7%d8%a7%d8%a8%d9%82-%d8%a3%d8%ae%d9%8a%d8%b1-180%d9%85-%d9%85%d8%b9-%d8%b1%d9%88%d9%88%d9%81-%d9%81%d9%8a-%d8%af%d9%8a%d8%b1-%d8%ba%d8%a8%d8%a7%d8%b1/
دير غبار,شقة 170م للبيع في دير غبار,170,185000,1088,https://qoshan.com/property/%d8%b4%d9%82%d8%a9-170%d9%85-%d9%84%d9%84%d8%a8%d9%8a%d8%b9-%d9%81%d9%8a-%d8%af%d9%8a%d8%b1-%d8%ba%d8%a8%d8%a7%d8%b1/
دير غبار,شقة ارضية مع حديقة في دير غبار,180,195000,1083,https://qoshan.com/property/%d8%b4%d9%82%d8%a9-%d8%a7%d8%b1%d8%b6%d9%8a%d8%a9-%d9%85%d8%b9-%d8%ad%d8%af%d9%8a%d9%82%d8%a9-%d9%81%d9%8a-%d8%af%d9%8a%d8%b1-%d8%ba%d8%a8%d8%a7%d8%b1/
دير غبار,شقق أرضية بمساحات مختلفة في دير غبار,230,249000,1083,https://qoshan.com/property/%d8%b4%d9%82%d9%82-%d8%a3%d8%b1%d8%b6%d9%8a%d8%a9-%d8%a8%d9%85%d8%b3%d8%a7%d8%ad%d8%a7%d8%aa-%d9%85%d8%ae%d8%aa%d9%84%d9%81%d8%a9-%d9%81%d9%8a-%d8%af%d9%8a%d8%b1-%d8%ba%d8%a8%d8%a7%d8%b1/
دير غبار,شقة أرضية مع ترس و كراج مستقل في دير غبار,280,300000,1071,https://qoshan.com/property/%d8%b4%d9%82%d8%a9-%d8%a3%d8%b1%d8%b6%d9%8a%d8%a9-%d9%85%d8%b9-%d8%aa%d8%b1%d8%b3-%d9%88-%d9%83%d8%b1%d8%a7%d8%ac-%d9%85%d8%b3%d8%aa%d9%82%d9%84-%d9%81%d9%8a-%d8%af%d9%8a%d8%b1-%d8%ba%d8%a8%d8%a7/
دير غبار,شقة طابقية 290م في ديرغبار,290,290000,1000,https://qoshan.com/property/%d8%b4%d9%82%d8%a9-%d8%b7%d8%a7%d8%a8%d9%82%d9%8a%d8%a9-290%d9%85-%d9%81%d9%8a-%d8%af%d9%8a%d8%b1%d8%ba%d8%a8%d8%a7%d8%b1/
دير غبار,شقة أرضية مفروشة 120متر مع ترس في دير غبار,120,120000,1000,https://qoshan.com/property/%d8%b4%d9%82%d8%a9-%d8%a3%d8%b1%d8%b6%d9%8a%d8%a9-%d9%85%d9%81%d8%b1%d9%88%d8%b4%d8%a9-120%d9%85%d8%aa%d8%b1-%d9%85%d8%b9-%d8%aa%d8%b1%d8%b3-%d9%81%d9%8a-%d8%af%d9%8a%d8%b1-%d8%ba%d8%a8%d8%a7%d8%b1/
دير غبار,شقة أرضية دوبلكس 440م مع بركة سباحة في دير غبار,440,440000,1000,https://qoshan.com/property/%d8%b4%d9%82%d8%a9-%d8%a3%d8%b1%d8%b6%d9%8a%d8%a9-%d8%af%d9%88%d8%a8%d9%84%d9%83%d8%b3-440%d9%85-%d9%85%d8%b9-%d8%a8%d8%b1%d9%83%d8%a9-%d8%b3%d8%a8%d8%a7%d8%ad%d8%a9-%d9%81%d9%8a-%d8%af%d9%8a%d8%b1/
دير غبار,شقق 155م بمواصفات خاصة في دير غبار,155,155000,1000,https://qoshan.com/property/%d8%b4%d9%82%d9%82-155%d9%85-%d8%a8%d9%85%d9%88%d8%a7%d8%b5%d9%81%d8%a7%d8%aa-%d8%ae%d8%a7%d8%b5%d8%a9-%d9%81%d9%8a-%d8%af%d9%8a%d8%b1-%d8%ba%d8%a8%d8%a7%d8%b1/
دير غبار,240م مع مساحات خارجية بمواصفات خاصة في دير غبار,240,240000,1000,https://qoshan.com/property/%d8%b4%d9%82%d9%82-%d8%b4%d8%a8%d9%87-%d8%a3%d8%b1%d8%b6%d9%8a%d8%a9-%d8%a8%d9%85%d9%88%d8%a7%d8%b5%d9%81%d8%a7%d8%aa-%d8%ae%d8%a7%d8%b5%d8%a9-%d9%81%d9%8a-%d8%af%d9%8a%d8%b1-%d8%ba%d8%a8%d8%a7%d8%b1/
دير غبار,170م مع حديقة و مطبخ راكب بسعر مميز في دير غبار,170,165000,971,https://qoshan.com/property/170%d9%85-%d9%85%d8%b9-%d8%ad%d8%af%d9%8a%d9%82%d8%a9-%d9%88-%d9%85%d8%b7%d8%a8%d8%ae-%d8%b1%d8%a7%d9%83%d8%a8-%d8%a8%d8%b3%d8%b9%d8%b1-%d9%85%d9%85%d9%8a%d8%b2-%d9%81%d9%8a-%d8%af%d9%8a%d8%b1-%d8%ba/
دير غبار,دوبلكس 310م بتشطيبات خاصة في دير غبار,310,300000,968,https://qoshan.com/property/%d8%af%d9%88%d8%a8%d9%84%d9%83%d8%b3-310%d9%85-%d8%a8%d8%aa%d8%b4%d8%b7%d9%8a%d8%a8%d8%a7%d8%aa-%d8%ae%d8%a7%d8%b5%d8%a9-%d9%81%d9%8a-%d8%af%d9%8a%d8%b1-%d8%ba%d8%a8%d8%a7%d8%b1/
دير غبار,شقة إستثمارية 99 متر في ديرغبار,99,95000,960,https://qoshan.com/property/%d8%b4%d9%82%d8%a9-%d8%a5%d8%b3%d8%aa%d8%ab%d9%85%d8%a7%d8%b1%d9%8a%d8%a9-99-%d9%85%d8%aa%d8%b1-%d9%81%d9%8a-%d8%af%d9%8a%d8%b1%d8%ba%d8%a8%d8%a7%d8%b1/
دير غبار,شقة طابقية 236 متر في دير غبار,236,225000,953,https://qoshan.com/property/%d8%b4%d9%82%d8%a9-%d8%b7%d8%a7%d8%a8%d9%82%d9%8a%d8%a9-236-%d9%85%d8%aa%d8%b1-%d9%81%d9%8a-%d8%af%d9%8a%d8%b1-%d8%ba%d8%a8%d8%a7%d8%b1/
دير غبار,طابق أول 215م بمواصفات عالية في دير غبار,215,200000,930,https://qoshan.com/property/%d8%b7%d8%a7%d8%a8%d9%82-%d8%a3%d9%88%d9%84-215%d9%85-%d8%a8%d9%85%d9%88%d8%a7%d8%b5%d9%81%d8%a7%d8%aa-%d8%b9%d8%a7%d9%84%d9%8a%d8%a9-%d9%81%d9%8a-%d8%af%d9%8a%d8%b1-%d8%ba%d8%a8%d8%a7%d8%b1/
دير غبار,شبه أرضي على شارعين 230م في ديرغبار,230,210000,913,https://qoshan.com/property/%d8%b4%d8%a8%d9%87-%d8%a3%d8%b1%d8%b6%d9%8a-%d8%b9%d9%84%d9%89-%d8%b4%d8%a7%d8%b1%d8%b9%d9%8a%d9%86-230%d9%85-%d9%81%d9%8a-%d8%af%d9%8a%d8%b1%d8%ba%d8%a8%d8%a7%d8%b1/
دير غبار,شقة طابقية 460متر بأجمل أحياء دير غبار,460,420000,913,https://qoshan.com/property/%d8%b4%d9%82%d8%a9-%d8%b7%d8%a7%d8%a8%d9%82%d9%8a%d8%a9-460%d9%85%d8%aa%d8%b1-%d8%a8%d8%a3%d8%ac%d9%85%d9%84-%d8%a3%d8%ad%d9%8a%d8%a7%d8%a1-%d8%af%d9%8a%d8%b1-%d8%ba%d8%a8%d8%a7%d8%b1/
دير غبار,شقة طابق أول 180 متر في دير غبار,180,160000,889,https://qoshan.com/property/%d8%b4%d9%82%d8%a9-%d8%b7%d8%a7%d8%a8%d9%82-%d8%a3%d9%88%d9%84-180-%d9%85%d8%aa%d8%b1-%d9%81%d9%8a-%d8%af%d9%8a%d8%b1-%d8%ba%d8%a8%d8%a7%d8%b1/
دير غبار,طابق اول 238م بإطلالة مميزة في ديرغبار,238,210000,882,https://qoshan.com/property/%d8%b7%d8%a7%d8%a8%d9%82-%d8%a7%d9%88%d9%84-238%d9%85-%d8%a8%d8%a5%d8%b7%d9%84%d8%a7%d9%84%d8%a9-%d9%85%d9%85%d9%8a%d8%b2%d8%a9-%d9%81%d9%8a-%d8%af%d9%8a%d8%b1%d8%ba%d8%a8%d8%a7%d8%b1/
دير غبار,شقة شبه أرضي مع مدخل خاص و تراس في دير غبار,170,150000,882,https://qoshan.com/property/%d8%b4%d9%82%d8%a9-%d8%b4%d8%a8%d9%87-%d8%a3%d8%b1%d8%b6%d9%8a-%d9%85%d8%b9-%d9%85%d8%af%d8%ae%d9%84-%d8%ae%d8%a7%d8%b5-%d9%88-%d8%aa%d8%b1%d8%a7%d8%b3-%d9%81%d9%8a-%d8%af%d9%8a%d8%b1-%d8%ba%d8%a8/
دير غبار,شبه أرضي مع حديقة كبيرة في دير غبار,176,155000,881,https://qoshan.com/property/%d8%b4%d8%a8%d9%87-%d8%a3%d8%b1%d8%b6%d9%8a-%d9%85%d8%b9-%d8%ad%d8%af%d9%8a%d9%82%d8%a9-%d9%83%d8%a8%d9%8a%d8%b1%d8%a9-%d9%81%d9%8a-%d8%af%d9%8a%d8%b1-%d8%ba%d8%a8%d8%a7%d8%b1/
دير غبار,شقة 200 متر طابق اول في دير غبار,200,175000,875,https://qoshan.com/property/%d8%b4%d9%82%d8%a9-200-%d9%85%d8%aa%d8%b1-%d8%b7%d8%a7%d8%a8%d9%82-%d8%a7%d9%88%d9%84-%d9%81%d9%8a-%d8%af%d9%8a%d8%b1-%d8%ba%d8%a8%d8%a7%d8%b1/
دير غبار,شقة طابقية 287م بموقع مميز في دير غبار,287,250000,871,https://qoshan.com/property/%d8%b4%d9%82%d8%a9-%d8%b7%d8%a7%d8%a8%d9%82%d9%8a%d8%a9-287%d9%85-%d8%a8%d9%85%d9%88%d9%82%d8%b9-%d9%85%d9%85%d9%8a%d8%b2-%d9%81%d9%8a-%d8%af%d9%8a%d8%b1-%d8%ba%d8%a8%d8%a7%d8%b1/
دير غبار,أخير مع رووف باطلالة دائمة في ديرغبار,265,230000,868,https://qoshan.com/property/%d8%a3%d8%ae%d9%8a%d8%b1-%d9%85%d8%b9-%d8%b1%d9%88%d9%88%d9%81-%d8%a8%d8%a7%d8%b7%d9%84%d8%a7%d9%84%d8%a9-%d8%af%d8%a7%d8%a6%d9%85%d8%a9-%d9%81%d9%8a-%d8%af%d9%8a%d8%b1%d8%ba%d8%a8%d8%a7%d8%b1/
دير غبار,4 نوم بمواصفات عالية وموقع مميز في دير غبار,243,210000,864,https://qoshan.com/property/4-%d9%86%d9%88%d9%85-%d8%a8%d9%85%d9%88%d8%a7%d8%b5%d9%81%d8%a7%d8%aa-%d8%b9%d8%a7%d9%84%d9%8a%d8%a9-%d9%88%d9%85%d9%88%d9%82%d8%b9-%d9%85%d9%85%d9%8a%d8%b2-%d9%81%d9%8a-%d8%af%d9%8a%d8%b1-%d8%ba/
دير غبار,شقة استثمارية للبيع في دير غبار,88,75000,852,https://qoshan.com/property/%d8%b4%d9%82%d8%a9-%d8%a7%d8%b3%d8%aa%d8%ab%d9%85%d8%a7%d8%b1%d9%8a%d8%a9-%d9%84%d9%84%d8%a8%d9%8a%d8%b9-%d9%81%d9%8a-%d8%af%d9%8a%d8%b1-%d8%ba%d8%a8%d8%a7%d8%b1/
دير غبار,شقة 325م مفروشة في دير غبار,325,275000,846,https://qoshan.com/property/%d8%b4%d9%82%d8%a9-325%d9%85-%d9%85%d9%81%d8%b1%d9%88%d8%b4%d8%a9-%d9%81%d9%8a-%d8%af%d9%8a%d8%b1-%d8%ba%d8%a8%d8%a7%d8%b1/
دير غبار,شقق طابقية 330م للبيع في دير غبار,330,270000,818,https://qoshan.com/property/%d8%b4%d9%82%d9%82-%d8%b7%d8%a7%d8%a8%d9%82%d9%8a%d8%a9-330%d9%85-%d9%84%d9%84%d8%a8%d9%8a%d8%b9-%d9%81%d9%8a-%d8%af%d9%8a%d8%b1-%d8%ba%d8%a8%d8%a7%d8%b1/
دير غبار,98م طابق أخير بسعر ممتاز في دير غبار,98,79000,806,https://qoshan.com/property/98%d9%85-%d8%b7%d8%a7%d8%a8%d9%82-%d8%a3%d8%ae%d9%8a%d8%b1-%d8%a8%d8%b3%d8%b9%d8%b1-%d9%85%d9%85%d8%aa%d8%a7%d8%b2-%d9%81%d9%8a-%d8%af%d9%8a%d8%b1-%d8%ba%d8%a8%d8%a7%d8%b1/
دير غبار,شقق 180م مميزة بأسعار منافسة في دير غبار,180,145000,806,https://qoshan.com/property/%d8%b4%d9%82%d9%82-180%d9%85-%d9%85%d9%85%d9%8a%d8%b2%d8%a9-%d8%a8%d8%a3%d8%b3%d8%b9%d8%a7%d8%b1-%d9%85%d9%86%d8%a7%d9%81%d8%b3%d8%a9-%d9%81%d9%8a-%d8%af%d9%8a%d8%b1-%d8%ba%d8%a8%d8%a7%d8%b1/
دير غبار,شقة طابقية 366م مع حديقة في دير غبار,366,290000,792,https://qoshan.com/property/%d8%b4%d9%82%d8%a9-%d8%b7%d8%a7%d8%a8%d9%82%d9%8a%d8%a9-366%d9%85-%d9%85%d8%b9-%d8%ad%d8%af%d9%8a%d9%82%d8%a9-%d9%81%d9%8a-%d8%af%d9%8a%d8%b1-%d8%ba%d8%a8%d8%a7%d8%b1/
دير غبار,شبه أرضي مع حديقة ومدخل خاص في دير غبار,190,150000,789,https://qoshan.com/property/%d8%b4%d8%a8%d9%87-%d8%a3%d8%b1%d8%b6%d9%8a-%d9%85%d8%b9-%d8%ad%d8%af%d9%8a%d9%82%d8%a9-%d9%88%d9%85%d8%af%d8%ae%d9%84-%d8%ae%d8%a7%d8%b5-%d9%81%d9%8a-%d8%af%d9%8a%d8%b1-%d8%ba%d8%a8%d8%a7%d8%b1/
دير غبار,شقة طابقية 444م بسعر ممتاز في دير غبار,444,350000,788,https://qoshan.com/property/%d8%b4%d9%82%d8%a9-%d8%b7%d8%a7%d8%a8%d9%82%d9%8a%d8%a9-444%d9%85-%d8%a8%d8%b3%d8%b9%d8%b1-%d9%85%d9%85%d8%aa%d8%a7%d8%b2-%d9%81%d9%8a-%d8%af%d9%8a%d8%b1-%d8%ba%d8%a8%d8%a7%d8%b1/
دير غبار,شقة 204 متر مع حديقة 200 متر في دير غبار,204,160000,784,https://qoshan.com/property/%d8%b4%d9%82%d8%a9-204-%d9%85%d8%aa%d8%b1-%d9%85%d8%b9-%d8%ad%d8%af%d9%8a%d9%82%d8%a9-200-%d9%85%d8%aa%d8%b1-%d9%81%d9%8a-%d8%af%d9%8a%d8%b1-%d8%ba%d8%a8%d8%a7%d8%b1/
دير غبار,4 نوم بسعر ممتاز بأفضل مناطق دير غبار,230,175000,761,https://qoshan.com/property/4-%d9%86%d9%88%d9%85-%d8%a8%d8%b3%d8%b9%d8%b1-%d9%85%d9%85%d8%aa%d8%a7%d8%b2-%d8%a8%d8%a3%d9%81%d8%b6%d9%84-%d9%85%d9%86%d8%a7%d8%b7%d9%82-%d8%af%d9%8a%d8%b1-%d8%ba%d8%a8%d8%a7%d8%b1/
دير غبار,شقق 150م بموقع حيوي في دير غبار,150,110000,733,https://qoshan.com/property/%d8%b4%d9%82%d8%a9-150%d9%85-%d8%a8%d9%85%d9%88%d9%82%d8%b9-%d8%ad%d9%8a%d9%88%d9%8a-%d9%81%d9%8a-%d8%af%d9%8a%d8%b1-%d8%ba%d8%a8%d8%a7%d8%b1/
دير غبار,شقة أرضية على مستوى الشارع في دير غبار,193,140000,725,https://qoshan.com/property/%d8%b4%d9%82%d8%a9-%d8%a3%d8%b1%d8%b6%d9%8a%d8%a9-%d8%b9%d9%84%d9%89-%d9%85%d8%b3%d8%aa%d9%88%d9%89-%d8%a7%d9%84%d8%b4%d8%a7%d8%b1%d8%b9-%d9%81%d9%8a-%d8%af%d9%8a%d8%b1-%d8%ba%d8%a8%d8%a7%d8%b1/
دير غبار,200م مفروشة بسعر ممتاز في دير غبار,200,145000,725,https://qoshan.com/property/200%d9%85-%d9%85%d9%81%d8%b1%d9%88%d8%b4%d8%a9-%d8%a8%d8%b3%d8%b9%d8%b1-%d9%85%d9%85%d8%aa%d8%a7%d8%b2-%d9%81%d9%8a-%d8%af%d9%8a%d8%b1-%d8%ba%d8%a8%d8%a7%d8%b1/
دير غبار,شقة 180م مفروشة بالكامل في دير غبار,180,125000,694,https://qoshan.com/property/%d8%b4%d9%82%d8%a9-180%d9%85-%d9%85%d9%81%d8%b1%d9%88%d8%b4%d8%a9-%d8%a8%d8%a7%d9%84%d9%83%d8%a7%d9%85%d9%84-%d9%81%d9%8a-%d8%af%d9%8a%d8%b1-%d8%ba%d8%a8%d8%a7%d8%b1/
دير غبار,شقة طابقية 413م للبيع في دير غبار,413,280000,678,https://qoshan.com/property/%d8%b4%d9%82%d8%a9-%d8%b7%d8%a7%d8%a8%d9%82%d9%8a%d8%a9-413%d9%85-%d9%84%d9%84%d8%a8%d9%8a%d8%b9-%d9%81%d9%8a-%d8%af%d9%8a%d8%b1-%d8%ba%d8%a8%d8%a7%d8%b1/
دير غبار,شقق 4 نوم بسعر مميز في دير غبار,230,150000,652,https://qoshan.com/property/%d8%b4%d9%82%d9%82-4-%d9%86%d9%88%d9%85-%d8%a8%d8%b3%d8%b9%d8%b1-%d9%85%d9%85%d9%8a%d8%b2-%d9%81%d9%8a-%d8%af%d9%8a%d8%b1-%d8%ba%d8%a8%d8%a7%d8%b1/
دير غبار,شقة 215م مع مطبخ راكب بسعر ممتاز في دير غبار,215,139000,647,https://qoshan.com/property/%d8%b4%d9%82%d8%a9-215%d9%85-%d9%85%d8%b9-%d9%85%d8%b7%d8%a8%d8%ae-%d8%b1%d8%a7%d9%83%d8%a8-%d8%a8%d8%b3%d8%b9%d8%b1-%d9%85%d9%85%d8%aa%d8%a7%d8%b2-%d9%81%d9%8a-%d8%af%d9%8a%d8%b1-%d8%ba%d8%a8%d8%a7/
دير غبار,شقة طابقية طابق أول 264م في دير غبار,264,165000,625,https://qoshan.com/property/%d8%b4%d9%82%d8%a9-%d8%b7%d8%a7%d8%a8%d9%82%d9%8a%d8%a9-%d8%b7%d8%a7%d8%a8%d9%82-%d8%a3%d9%88%d9%84-264%d9%85-%d9%81%d9%8a-%d8%af%d9%8a%d8%b1-%d8%ba%d8%a8%d8%a7%d8%b1/
دير غبار,شقة 174 متر مفروشة في دير غبار,174,99000,569,https://qoshan.com/property/%d8%b4%d9%82%d8%a9-174-%d9%85%d8%aa%d8%b1-%d9%85%d9%81%d8%b1%d9%88%d8%b4%d8%a9-%d9%81%d9%8a-%d8%af%d9%8a%d8%b1-%d8%ba%d8%a8%d8%a7%d8%b1/
دير غبار,شقة 4 نوم مفروشة بسعر ممتاز في دير غبار,240,130000,542,https://qoshan.com/property/%d8%b4%d9%82%d8%a9-4-%d9%86%d9%88%d9%85-%d9%85%d9%81%d8%b1%d9%88%d8%b4%d8%a9-%d8%a8%d8%b3%d8%b9%d8%b1-%d9%85%d9%85%d8%aa%d8%a7%d8%b2-%d9%81%d9%8a-%d8%af%d9%8a%d8%b1-%d8%ba%d8%a8%d8%a7%d8%b1/
خلدا,شقق 180م في أفضل أحياء خلدا,180,450000,2500,https://qoshan.com/property/%d8%b4%d9%82%d9%82-180%d9%85-%d9%81%d9%8a-%d8%a7%d9%81%d8%b6%d9%84-%d8%a7%d8%ad%d9%8a%d8%a7%d8%a1-%d8%ae%d9%84%d8%af%d8%a7/
خلدا,شقة أرضية 200م مع حديقة كبيرة في خلدا,200,450000,2250,https://qoshan.com/property/%d8%b4%d9%82%d8%a9-%d8%a3%d8%b1%d8%b6%d9%8a%d8%a9-200%d9%85-%d9%85%d8%b9-%d8%ad%d8%af%d9%8a%d9%82%d8%a9-%d9%83%d8%a8%d9%8a%d8%b1%d8%a9-%d9%81%d9%8a-%d8%ae%d9%84%d8%af%d8%a7/
خلدا,شقق 213م بأسعار مميزة في خلدا,213,450000,2113,https://qoshan.com/property/%d8%b4%d9%82%d9%82-213%d9%85-%d8%a8%d8%a3%d8%b3%d8%b9%d8%a7%d8%b1-%d9%85%d9%85%d9%8a%d8%b2%d8%a9-%d9%81%d9%8a-%d8%ae%d9%84%d8%af%d8%a7/
خلدا,شقق 4 نوم بمنطقة سكن خاص في عوجانية خلدا,220,450000,2045,https://qoshan.com/property/%d8%b4%d9%82%d9%82-4-%d9%86%d9%88%d9%85-%d8%a8%d9%85%d9%86%d8%b7%d9%82%d8%a9-%d8%b3%d9%83%d9%86-%d8%ae%d8%a7%d8%b5-%d9%81%d9%8a-%d8%b9%d9%88%d8%ac%d8%a7%d9%86%d9%8a%d8%a9-%d8%ae%d9%84%d8%af%d8%a7/
خلدا,طابقية أخير مع رووف بإطلالة دائمة خلف سيتي مول,316,450000,1424,https://qoshan.com/property/%d8%b7%d8%a7%d8%a8%d9%82%d9%8a%d8%a9-%d8%a3%d8%ae%d9%8a%d8%b1-%d9%85%d8%b9-%d8%b1%d9%88%d9%88%d9%81-%d8%a8%d8%a5%d8%b7%d9%84%d8%a7%d9%84%d8%a9-%d8%af%d8%a7%d8%a6%d9%85%d8%a9-%d8%ae%d9%84%d9%81-%d8%b3/
خلدا,شقة أرضية 4 نوم مفروشة بالكامل بأفضل احياء خلدا,226,300000,1327,https://qoshan.com/property/%d8%b4%d9%82%d8%a9-%d8%a3%d8%b1%d8%b6%d9%8a%d8%a9-4-%d9%86%d9%88%d9%85-%d9%85%d9%81%d8%b1%d9%88%d8%b4%d8%a9-%d8%a8%d8%a7%d9%84%d9%83%d8%a7%d9%85%d9%84-%d8%a8%d8%a3%d9%81%d8%b6%d9%84-%d8%a7%d8%ad%d9%8a/
خلدا,رووف 300 متر بموقع مميز في خلدا,150,185000,1233,https://qoshan.com/property/%d8%b1%d9%88%d9%88%d9%81-300-%d9%85%d8%aa%d8%b1-%d8%a8%d9%85%d9%88%d9%82%d8%b9-%d9%85%d9%85%d9%8a%d8%b2-%d9%81%d9%8a-%d8%ae%d9%84%d8%af%d8%a7/
خلدا,شقة أرضية 190م مع حديقة كبيرة في خلدا,190,230000,1211,https://qoshan.com/property/%d8%b4%d9%82%d8%a9-%d8%a3%d8%b1%d8%b6%d9%8a%d8%a9-190%d9%85-%d9%85%d8%b9-%d8%ad%d8%af%d9%8a%d9%82%d8%a9-%d9%83%d8%a8%d9%8a%d8%b1%d8%a9-%d9%81%d9%8a-%d8%ae%d9%84%d8%af%d8%a7/
خلدا,شقة أرضية 230م مع حديقة كبيرة في خلدا,230,270000,1174,https://qoshan.com/property/%d8%b4%d9%82%d8%a9-%d8%a3%d8%b1%d8%b6%d9%8a%d8%a9-230%d9%85-%d9%85%d8%b9-%d8%ad%d8%af%d9%8a%d9%82%d8%a9-%d9%83%d8%a8%d9%8a%d8%b1%d8%a9-%d9%81%d9%8a-%d8%ae%d9%84%d8%af%d8%a7/
خلدا,رووف طابقي للبيع بإطلالة دائمة خلف سيتي مول,325,380000,1169,https://qoshan.com/property/%d8%b1%d9%88%d9%88%d9%81-%d8%b7%d8%a7%d8%a8%d9%82%d9%8a-%d9%84%d9%84%d8%a8%d9%8a%d8%b9-%d8%a8%d8%a5%d8%b7%d9%84%d8%a7%d9%84%d8%a9-%d8%af%d8%a7%d8%a6%d9%85%d8%a9-%d8%ae%d9%84%d9%81-%d8%b3%d9%8a%d8%aa/
خلدا,أخير مع رووف دوبلكس 230 متر في خلدا,200,230000,1150,https://qoshan.com/property/%d8%a3%d8%ae%d9%8a%d8%b1-%d9%85%d8%b9-%d8%b1%d9%88%d9%88%d9%81-%d8%af%d9%88%d8%a8%d9%84%d9%83%d8%b3-230-%d9%85%d8%aa%d8%b1-%d9%81%d9%8a-%d8%ae%d9%84%d8%af%d8%a7/
خلدا,240متر بأعلى مواصفات التشطيب في خلدا,240,270000,1125,https://qoshan.com/property/240%d9%85%d8%aa%d8%b1-%d8%a8%d8%a3%d8%b9%d9%84%d9%89-%d9%85%d9%88%d8%a7%d8%b5%d9%81%d8%a7%d8%aa-%d8%a7%d9%84%d8%aa%d8%b4%d8%b7%d9%8a%d8%a8-%d9%81%d9%8a-%d8%ae%d9%84%d8%af%d8%a7/
خلدا,شقة أرضية مع حديقة وكراج مستقل في خلدا,200,220000,1100,https://qoshan.com/property/%d8%b4%d9%82%d8%a9-%d8%a3%d8%b1%d8%b6%d9%8a%d8%a9-%d9%85%d8%b9-%d8%ad%d8%af%d9%8a%d9%82%d8%a9-%d9%88%d9%83%d8%b1%d8%a7%d8%ac-%d9%85%d8%b3%d8%aa%d9%82%d9%84-%d9%81%d9%8a-%d8%ae%d9%84%d8%af%d8%a7/
خلدا,شقة أرضية طابقية بمساحات خارجية واسعة في خلدا,430,460000,1070,https://qoshan.com/property/%d8%b4%d9%82%d8%a9-%d8%a3%d8%b1%d8%b6%d9%8a%d8%a9-%d8%b7%d8%a7%d8%a8%d9%82%d9%8a%d8%a9-%d8%a8%d9%85%d8%b3%d8%a7%d8%ad%d8%a7%d8%aa-%d8%ae%d8%a7%d8%b1%d8%ac%d9%8a%d8%a9-%d9%88%d8%a7%d8%b3%d8%b9%d8%a9/
خلدا,أرضية دوبلكس مع حديقة وبركة بموقع مميز في خلدا,300,320000,1067,https://qoshan.com/property/%d8%a3%d8%b1%d8%b6%d9%8a%d8%a9-%d8%af%d9%88%d8%a8%d9%84%d9%83%d8%b3-%d9%85%d8%b9-%d8%ad%d8%af%d9%8a%d9%82%d8%a9-%d9%88%d8%a8%d8%b1%d9%83%d8%a9-%d8%a8%d9%85%d9%88%d9%82%d8%b9-%d9%85%d9%85%d9%8a%d8%b2/
خلدا,شقة طابقية 350م بأعلى المواصفات في خلدا,345,365000,1058,https://qoshan.com/property/%d8%b4%d9%82%d8%a9-%d8%b7%d8%a7%d8%a8%d9%82%d9%8a%d8%a9-350%d9%85-%d8%a8%d8%a3%d8%b9%d9%84%d9%89-%d8%a7%d9%84%d9%85%d9%88%d8%a7%d8%b5%d9%81%d8%a7%d8%aa-%d9%81%d9%8a-%d8%ae%d9%84%d8%af%d8%a7/
خلدا,أخير مع رووف بإطلالة مميزة ودائمة في خلدا,275,290000,1055,https://qoshan.com/property/%d8%a3%d8%ae%d9%8a%d8%b1-%d9%85%d8%b9-%d8%b1%d9%88%d9%88%d9%81-%d8%a8%d8%a5%d8%b7%d9%84%d8%a7%d9%84%d8%a9-%d9%85%d9%85%d9%8a%d8%b2%d8%a9-%d9%88%d8%af%d8%a7%d8%a6%d9%85%d8%a9-%d9%81%d9%8a-%d8%ae%d9%84/
خلدا,شقق طابقية فخمة 245م بأجمل مواقع خلدا,245,250000,1020,https://qoshan.com/property/%d8%b4%d9%82%d9%82-%d8%b7%d8%a7%d8%a8%d9%82%d9%8a%d8%a9-%d9%81%d8%ae%d9%85%d8%a9-245%d9%85-%d8%a8%d8%a3%d8%ac%d9%85%d9%84-%d9%85%d9%88%d8%a7%d9%82%d8%b9-%d8%ae%d9%84%d8%af%d8%a7/
خلدا,شقة طابق ثالث 138 م بإطلالة مميزة,138,135000,978,https://qoshan.com/property/%d8%b4%d9%82%d8%a9-%d8%b7%d8%a7%d8%a8%d9%82-%d8%ab%d8%a7%d9%84%d8%ab-138-%d9%85-%d8%a8%d8%a5%d8%b7%d9%84%d8%a7%d9%84%d8%a9-%d9%85%d9%85%d9%8a%d8%b2%d8%a9/
خلدا,شقة 220 متر مع ترس 50م في عوجانية خلدا,220,215000,977,https://qoshan.com/property/%d8%b4%d9%82%d8%a9-220-%d9%85%d8%aa%d8%b1-%d9%85%d8%b9-%d8%aa%d8%b1%d8%b3-50%d9%85-%d9%81%d9%8a-%d8%b9%d9%88%d8%ac%d8%a7%d9%86%d9%8a%d8%a9-%d8%ae%d9%84%d8%af%d8%a7/
خلدا,200م مفروشة بالكامل في موقع مميز في خلدا,200,195000,975,https://qoshan.com/property/200%d9%85-%d8%b7%d8%a7%d8%a8%d9%82-%d8%ab%d8%a7%d9%84%d8%ab-%d9%81%d9%8a-%d9%85%d9%88%d9%82%d8%b9-%d9%85%d9%85%d9%8a%d8%b2-%d9%81%d9%8a-%d8%ae%d9%84%d8%af%d8%a7/
خلدا,شقة ارضيه مع حديقه مجهزة في أرقى مناطق خلدا,242,230000,950,https://qoshan.com/property/%d8%b4%d9%82%d8%a9-%d8%a7%d8%b1%d8%b6%d9%8a%d9%87-%d9%85%d8%b9-%d8%ad%d8%af%d9%8a%d9%82%d9%87-%d9%85%d8%ac%d9%87%d8%b2%d8%a9-%d9%81%d9%8a-%d8%a3%d8%b1%d9%82%d9%89-%d9%85%d9%86%d8%a7%d8%b7%d9%82-%d8%ae/
خلدا,شقة أرضية 146م مفروشة في خلدا,146,136000,932,https://qoshan.com/property/%d8%b4%d9%82%d8%a9-%d8%a3%d8%b1%d8%b6%d9%8a%d8%a9-146%d9%85-%d9%85%d9%81%d8%b1%d9%88%d8%b4%d8%a9-%d9%81%d9%8a-%d8%ae%d9%84%d8%af%d8%a7/
خلدا,شقة شبه أرضية مع حديقة كبيرة في خلدا,145,135000,931,https://qoshan.com/property/%d8%b4%d9%82%d8%a9-%d8%b4%d8%a8%d9%87-%d8%a3%d8%b1%d8%b6%d9%8a%d8%a9-%d9%85%d8%b9-%d8%ad%d8%af%d9%8a%d9%82%d8%a9-%d9%83%d8%a8%d9%8a%d8%b1%d8%a9-%d9%81%d9%8a-%d8%ae%d9%84%d8%af%d8%a7/
خلدا,دوبلكس أخير مع رووف بأفضل أحياء خلدا,290,270000,931,https://qoshan.com/property/%d8%b4%d9%82%d9%82-4-%d9%86%d9%88%d9%85-%d9%81%d9%8a-%d8%a7%d9%81%d8%b6%d9%84-%d8%a7%d8%ad%d9%8a%d8%a7%d8%a1-%d8%ae%d9%84%d8%af%d8%a7/
خلدا,شقة جديدة مفروشة مع حديقة في خلدا,227,210000,925,https://qoshan.com/property/%d8%b4%d9%82%d8%a9-%d8%ac%d8%af%d9%8a%d8%af%d8%a9-%d9%85%d9%81%d8%b1%d9%88%d8%b4%d8%a9-%d9%85%d8%b9-%d8%ad%d8%af%d9%8a%d9%82%d8%a9-%d9%81%d9%8a-%d8%ae%d9%84%d8%af%d8%a7/
خلدا,طابق ثالث 195م في أرقى احياء خلدا,195,180000,923,https://qoshan.com/property/%d8%b7%d8%a7%d8%a8%d9%82-%d8%ab%d8%a7%d9%84%d8%ab-195%d9%85-%d9%81%d9%8a-%d8%a3%d8%b1%d9%82%d9%89-%d8%a7%d8%ad%d9%8a%d8%a7%d8%a1-%d8%ae%d9%84%d8%af%d8%a7/
خلدا,شقة 160متر بموقع مميز في خلدا,160,147000,919,https://qoshan.com/property/%d8%b4%d9%82%d8%a9-160%d9%85%d8%aa%d8%b1-%d8%a8%d9%85%d9%88%d9%82%d8%b9-%d9%85%d9%85%d9%8a%d8%b2-%d9%81%d9%8a-%d8%ae%d9%84%d8%af%d8%a7/
خلدا,مساحات كبيرة 4 نوم بمواصفات عالية في خلدا,240,220000,917,https://qoshan.com/property/%d9%85%d8%b3%d8%a7%d8%ad%d8%a7%d8%aa-%d9%83%d8%a8%d9%8a%d8%b1%d8%a9-4-%d9%86%d9%88%d9%85-%d8%a8%d9%85%d9%88%d8%a7%d8%b5%d9%81%d8%a7%d8%aa-%d8%b9%d8%a7%d9%84%d9%8a%d8%a9-%d9%81%d9%8a-%d8%ae%d9%84%d8%af/
خلدا,شقق مميزة في خلدا معفاة من رسوم التسجيل,191,175000,916,https://qoshan.com/property/%d8%b4%d9%82%d9%82-%d9%85%d9%85%d9%8a%d8%b2%d8%a9-%d9%81%d9%8a-%d8%ae%d9%84%d8%af%d8%a7-%d9%85%d8%b9%d9%81%d8%a7%d8%a9-%d9%85%d9%86-%d8%b1%d8%b3%d9%88%d9%85-%d8%a7%d9%84%d8%aa%d8%b3%d8%ac%d9%8a%d9%84/
خلدا,شقة 213م مفروشة بالكامل في خلدا,213,195000,915,https://qoshan.com/property/%d8%b4%d9%82%d8%a9-213%d9%85-%d9%85%d9%81%d8%b1%d9%88%d8%b4%d8%a9-%d8%a8%d8%a7%d9%84%d9%83%d8%a7%d9%85%d9%84-%d9%81%d9%8a-%d8%ae%d9%84%d8%af%d8%a7/
خلدا,شقة فخمة رابع مع رووف في خلدا,211,192000,910,https://qoshan.com/property/%d8%b4%d9%82%d8%a9-%d9%81%d8%ae%d9%85%d8%a9-%d8%b1%d8%a7%d8%a8%d8%b9-%d9%85%d8%b9-%d8%b1%d9%88%d9%88%d9%81-%d9%81%d9%8a-%d8%ae%d9%84%d8%af%d8%a7/
خلدا,شقة أرضية بمدخل مستقل مع حديقة واسعة في خلدا,200,180000,900,https://qoshan.com/property/%d8%b4%d9%82%d8%a9-%d8%a3%d8%b1%d8%b6%d9%8a%d8%a9-%d8%a8%d9%85%d8%af%d8%ae%d9%84-%d9%85%d8%b3%d8%aa%d9%82%d9%84-%d9%85%d8%b9-%d8%ad%d8%af%d9%8a%d9%82%d8%a9-%d9%88%d8%a7%d8%b3%d8%b9%d8%a9-%d9%81%d9%8a/
خلدا,رووف دوبلكس مجهز بالكامل مع إطلالة فخمة,400,360000,900,https://qoshan.com/property/%d8%b1%d9%88%d9%88%d9%81-%d8%af%d9%88%d8%a8%d9%84%d9%83%d8%b3-%d9%85%d8%ac%d9%87%d8%b2-%d8%a8%d8%a7%d9%84%d9%83%d8%a7%d9%85%d9%84-%d9%85%d8%b9-%d8%a5%d8%b7%d9%84%d8%a7%d9%84%d8%a9-%d9%81%d8%ae%d9%85/
خلدا,شقة طابق أول بمنطقة سكن خاص في خلدا,225,200000,889,https://qoshan.com/property/%d8%b4%d9%82%d8%a9-%d8%b7%d8%a7%d8%a8%d9%82-%d8%a3%d9%88%d9%84-%d8%a8%d9%85%d9%86%d8%b7%d9%82%d8%a9-%d8%b3%d9%83%d9%86-%d8%ae%d8%a7%d8%b5-%d9%81%d9%8a-%d8%ae%d9%84%d8%af%d8%a7/
خلدا,دوبلكس 300م مع حديقة كبيرة في خلدا,300,260000,867,https://qoshan.com/property/%d8%af%d9%88%d8%a8%d9%84%d9%83%d8%b3-300%d9%85-%d9%85%d8%b9-%d8%ad%d8%af%d9%8a%d9%82%d8%a9-%d9%83%d8%a8%d9%8a%d8%b1%d8%a9-%d9%81%d9%8a-%d8%ae%d9%84%d8%af%d8%a7/
خلدا,شقة أرضية 150م للبيع في خلدا,150,130000,867,https://qoshan.com/property/%d8%b4%d9%82%d8%a9-%d8%a3%d8%b1%d8%b6%d9%8a%d8%a9-150%d9%85-%d9%84%d9%84%d8%a8%d9%8a%d8%b9-%d9%81%d9%8a-%d8%ae%d9%84%d8%af%d8%a7/
خلدا,أخير مع رووف في أفضل أحياء خلدا – العوجانية,185,160000,865,https://qoshan.com/property/%d8%a3%d8%ae%d9%8a%d8%b1-%d9%85%d8%b9-%d8%b1%d9%88%d9%88%d9%81-%d9%81%d9%8a-%d8%a3%d9%81%d8%b6%d9%84-%d8%a3%d8%ad%d9%8a%d8%a7%d8%a1-%d8%ae%d9%84%d8%af%d8%a7-%d8%a7%d9%84%d8%b9%d9%88%d8%ac%d8%a7/
خلدا,شقه أرضية مع تراسات وحديقة في خلدا,350,300000,857,https://qoshan.com/property/%d8%b4%d9%82%d9%87-%d8%a3%d8%b1%d8%b6%d9%8a%d8%a9-%d9%85%d8%b9-%d8%aa%d8%b1%d8%a7%d8%b3%d8%a7%d8%aa-%d9%88%d8%ad%d8%af%d9%8a%d9%82%d8%a9-%d9%81%d9%8a-%d8%ae%d9%84%d8%af%d8%a7/
خلدا,4 نوم مع حديقة كبيرة وكراج مستقل في خلدا,275,235000,855,https://qoshan.com/property/4-%d9%86%d9%88%d9%85-%d9%85%d8%b9-%d8%ad%d8%af%d9%8a%d9%82%d8%a9-%d9%83%d8%a8%d9%8a%d8%b1%d8%a9-%d9%88%d9%83%d8%b1%d8%a7%d8%ac-%d9%85%d8%b3%d8%aa%d9%82%d9%84-%d9%81%d9%8a-%d8%ae%d9%84%d8%af%d8%a7/
خلدا,شقق 170 متر في أرقى مناطق خلدا,170,145000,853,https://qoshan.com/property/%d8%b4%d9%82%d9%82-170-%d9%85%d8%aa%d8%b1-%d9%81%d9%8a-%d8%a3%d8%b1%d9%82%d9%89-%d9%85%d9%86%d8%a7%d8%b7%d9%82-%d8%ae%d9%84%d8%af%d8%a7/
خلدا,أخير مع رووف في خلدا قرب الهمشري,270,230000,852,https://qoshan.com/property/%d8%a3%d8%ae%d9%8a%d8%b1-%d9%85%d8%b9-%d8%b1%d9%88%d9%88%d9%81-%d9%81%d9%8a-%d8%ae%d9%84%d8%af%d8%a7-%d9%82%d8%b1%d8%a8-%d8%a7%d9%84%d9%87%d9%85%d8%b4%d8%b1%d9%8a/
خلدا,شقق 130 متر في منطقة سكنية هادئة في خلدا,130,110000,846,https://qoshan.com/property/%d8%b4%d9%82%d9%82-130-%d9%85%d8%aa%d8%b1-%d9%81%d9%8a-%d9%85%d9%86%d8%b7%d9%82%d8%a9-%d8%b3%d9%83%d9%86%d9%8a%d8%a9-%d9%87%d8%a7%d8%af%d8%a6%d8%a9-%d9%81%d9%8a-%d8%ae%d9%84%d8%af%d8%a7/
خلدا,شقة أرضية 150م مع تراسات 100م في خلدا,150,125000,833,https://qoshan.com/property/%d8%b4%d9%82%d8%a9-%d8%a3%d8%b1%d8%b6%d9%8a%d8%a9-150%d9%85-%d9%85%d8%b9-%d8%aa%d8%b1%d8%a7%d8%b3%d8%a7%d8%aa-100%d9%85-%d9%81%d9%8a-%d8%ae%d9%84%d8%af%d8%a7/
خلدا,شقق 220 متر بتشطيبات مميزة في خلدا,220,180000,818,https://qoshan.com/property/%d8%b4%d9%82%d9%82-220-%d9%85%d8%aa%d8%b1-%d8%a8%d8%aa%d8%b4%d8%b7%d9%8a%d8%a8%d8%a7%d8%aa-%d9%85%d9%85%d9%8a%d8%b2%d8%a9-%d9%81%d9%8a-%d8%ae%d9%84%d8%af%d8%a7/
خلدا,شقة غرفتين نوم مميزة بسعر ممتاز في خلدا,120,97000,808,https://qoshan.com/property/%d8%b4%d9%82%d8%a9-%d8%ba%d8%b1%d9%81%d8%aa%d9%8a%d9%86-%d9%86%d9%88%d9%85-%d9%85%d9%85%d9%8a%d8%b2%d8%a9-%d8%a8%d8%b3%d8%b9%d8%b1-%d9%85%d9%85%d8%aa%d8%a7%d8%b2-%d9%81%d9%8a-%d8%ae%d9%84%d8%af%d8%a7/
خلدا,شقة طابقية 277متر بأجمل مناطق خلدا بسعر ممتاز,277,220000,794,https://qoshan.com/property/%d8%b4%d9%82%d8%a9-%d8%b7%d8%a7%d8%a8%d9%82%d9%8a%d8%a9-277%d9%85%d8%aa%d8%b1-%d8%a8%d8%a3%d8%ac%d9%85%d9%84-%d9%85%d9%86%d8%a7%d8%b7%d9%82-%d8%ae%d9%84%d8%af%d8%a7-%d8%a8%d8%b3%d8%b9%d8%b1-%d9%85/
خلدا,شقق 170م بأفضل مناطق خلدا,170,135000,794,https://qoshan.com/property/%d8%b4%d9%82%d9%82-170%d9%85-%d8%a8%d8%a3%d9%81%d8%b6%d9%84-%d9%85%d9%86%d8%a7%d8%b7%d9%82-%d8%ae%d9%84%d8%af%d8%a7/
خلدا,شقق بمساحة 180 متر في خلدا,180,140000,778,https://qoshan.com/property/%d8%b4%d9%82%d9%82-%d8%a8%d9%85%d8%b3%d8%a7%d8%ad%d8%a9-180-%d9%85%d8%aa%d8%b1-%d9%81%d9%8a-%d8%ae%d9%84%d8%af%d8%a7/
خلدا,شقة طابق أول مميزة في عوجانية خلدا,195,150000,769,https://qoshan.com/property/%d8%b4%d9%82%d8%a9-%d8%b7%d8%a7%d8%a8%d9%82-%d8%a3%d9%88%d9%84-%d9%85%d9%85%d9%8a%d8%b2%d8%a9-%d9%81%d9%8a-%d8%b9%d9%88%d8%ac%d8%a7%d9%86%d9%8a%d8%a9-%d8%ae%d9%84%d8%af%d8%a7/
خلدا,أرضي دوبلكس 300متر مع حديقة في خلدا,300,230000,767,https://qoshan.com/property/%d8%a3%d8%b1%d8%b6%d9%8a-%d8%af%d9%88%d8%a8%d9%84%d9%83%d8%b3-300%d9%85%d8%aa%d8%b1-%d9%85%d8%b9-%d8%ad%d8%af%d9%8a%d9%82%d8%a9-%d9%81%d9%8a-%d8%ae%d9%84%d8%af%d8%a7/
خلدا,طابق ثاني بموقع مميز في عوجانية خلدا للبيع,190,145000,763,https://qoshan.com/property/%d8%b7%d8%a7%d8%a8%d9%82-%d8%ab%d8%a7%d9%86%d9%8a-%d8%a8%d9%85%d9%88%d9%82%d8%b9-%d9%85%d9%85%d9%8a%d8%b2-%d9%81%d9%8a-%d8%b9%d9%88%d8%ac%d8%a7%d9%86%d9%8a%d8%a9-%d8%ae%d9%84%d8%af%d8%a7-%d9%84%d9%84/
خلدا,رووف طابقي دوبلكس 4 نوم في خلدا,433,330000,762,https://qoshan.com/property/%d8%b1%d9%88%d9%88%d9%81-%d8%b7%d8%a7%d8%a8%d9%82%d9%8a-%d8%af%d9%88%d8%a8%d9%84%d9%83%d8%b3-4-%d9%86%d9%88%d9%85-%d9%81%d9%8a-%d8%ae%d9%84%d8%af%d8%a7/
خلدا,طابق اخير مع رووف في خلدا,264,200000,758,https://qoshan.com/property/%d8%b7%d8%a7%d8%a8%d9%82-%d8%a7%d8%ae%d9%8a%d8%b1-%d9%85%d8%b9-%d8%b1%d9%88%d9%88%d9%81-%d9%81%d9%8a-%d8%ae%d9%84%d8%af%d8%a7/
خلدا,شقة أرضية 245م مع تراس أمامي ومدخل مستقل في خلدا,245,185000,755,https://qoshan.com/property/%d8%b4%d9%82%d8%a9-%d8%a3%d8%b1%d8%b6%d9%8a%d8%a9-245%d9%85-%d9%85%d8%b9-%d8%aa%d8%b1%d8%a7%d8%b3-%d8%a3%d9%85%d8%a7%d9%85%d9%8a-%d9%88%d9%85%d8%af%d8%ae%d9%84-%d9%85%d8%b3%d8%aa%d9%82%d9%84-%d9%81/
خلدا,شقة أرضية مع ترس ومدخل خاص في خلدا,199,145000,729,https://qoshan.com/property/%d8%b4%d9%82%d8%a9-%d8%a3%d8%b1%d8%b6%d9%8a%d8%a9-%d9%85%d8%b9-%d8%aa%d8%b1%d8%b3-%d9%88%d9%85%d8%af%d8%ae%d9%84-%d8%ae%d8%a7%d8%b5-%d9%81%d9%8a-%d8%ae%d9%84%d8%af%d8%a7/
خلدا,شبه أرضي مع مدخل خاص بسعر ممتاز في خلدا,207,150000,725,https://qoshan.com/property/%d8%b4%d8%a8%d9%87-%d8%a3%d8%b1%d8%b6%d9%8a-%d9%85%d8%b9-%d9%85%d8%af%d8%ae%d9%84-%d8%ae%d8%a7%d8%b5-%d8%a8%d8%b3%d8%b9%d8%b1-%d9%85%d9%85%d8%aa%d8%a7%d8%b2-%d9%81%d9%8a-%d8%ae%d9%84%d8%af%d8%a7/
خلدا,شقة مميزة طابق أول 245م في خلدا,245,175000,714,https://qoshan.com/property/%d8%b4%d9%82%d8%a9-%d9%85%d9%85%d9%8a%d8%b2%d8%a9-%d8%b7%d8%a7%d8%a8%d9%82-%d8%a3%d9%88%d9%84-245%d9%85-%d9%81%d9%8a-%d8%ae%d9%84%d8%af%d8%a7/
خلدا,شقة 190م بتشطيبات مميزة للبيع في خلدا,190,130000,684,https://qoshan.com/property/%d8%b4%d9%82%d8%a9-190%d9%85-%d8%a8%d8%aa%d8%b4%d8%b7%d9%8a%d8%a8%d8%a7%d8%aa-%d9%85%d9%85%d9%8a%d8%b2%d8%a9-%d9%84%d9%84%d8%a8%d9%8a%d8%b9-%d9%81%d9%8a-%d8%ae%d9%84%d8%af%d8%a7/
خلدا,شقة أرضي معلق 147م للبيع في خلدا,147,97000,660,https://qoshan.com/property/%d8%b4%d9%82%d8%a9-%d8%a3%d8%b1%d8%b6%d9%8a-%d9%85%d8%b9%d9%84%d9%82-147%d9%85-%d9%84%d9%84%d8%a8%d9%8a%d8%b9-%d9%81%d9%8a-%d8%ae%d9%84%d8%af%d8%a7/
خلدا,شقة ٢٠٠م بسعر مميز في أجمل مناطق خلدا,200,130000,650,https://qoshan.com/property/%d8%b4%d9%82%d8%a9-%d9%a2%d9%a0%d9%a0%d9%85-%d8%a8%d8%b3%d8%b9%d8%b1-%d9%85%d9%85%d9%8a%d8%b2-%d9%81%d9%8a-%d8%a3%d8%ac%d9%85%d9%84-%d9%85%d9%86%d8%a7%d8%b7%d9%82-%d8%ae%d9%84%d8%af%d8%a7/
خلدا,شقة 195م بتشطيبات ممتازة في خلدا,195,125000,641,https://qoshan.com/property/%d8%b4%d9%82%d8%a9-195%d9%85-%d8%a8%d8%aa%d8%b4%d8%b7%d9%8a%d8%a8%d8%a7%d8%aa-%d9%85%d9%85%d8%aa%d8%a7%d8%b2%d8%a9-%d9%81%d9%8a-%d8%ae%d9%84%d8%af%d8%a7/
خلدا,رووف طابقي 3 نوم بسعر ممتاز في خلدا,244,155000,635,https://qoshan.com/property/%d8%b1%d9%88%d9%88%d9%81-%d8%b7%d8%a7%d8%a8%d9%82%d9%8a-3-%d9%86%d9%88%d9%85-%d8%a8%d8%b3%d8%b9%d8%b1-%d9%85%d9%85%d8%aa%d8%a7%d8%b2-%d9%81%d9%8a-%d8%ae%d9%84%d8%af%d8%a7/
خلدا,188م بسعر مميز بأجمل مواقع خلدا,188,115000,612,https://qoshan.com/property/188%d9%85-%d8%a8%d8%b3%d8%b9%d8%b1-%d9%85%d9%85%d9%8a%d8%b2-%d8%a8%d8%a3%d8%ac%d9%85%d9%84-%d9%85%d9%88%d8%a7%d9%82%d8%b9-%d8%ae%d9%84%d8%af%d8%a7/
خلدا,أخير مع رووف بإطلالة دائمة وسعر ممتاز في خلدا,230,140000,609,https://qoshan.com/property/%d8%a3%d8%ae%d9%8a%d8%b1-%d9%85%d8%b9-%d8%b1%d9%88%d9%88%d9%81-%d8%a8%d8%a5%d8%b7%d9%84%d8%a7%d9%84%d8%a9-%d8%af%d8%a7%d8%a6%d9%85%d8%a9-%d9%88%d8%b3%d8%b9%d8%b1-%d9%85%d9%85%d8%aa%d8%a7%d8%b2-%d9%81/
خلدا,رووف طابقي 490م في خلدا,490,290000,592,https://qoshan.com/property/%d8%b1%d9%88%d9%88%d9%81-%d8%b7%d8%a7%d8%a8%d9%82%d9%8a-490%d9%85-%d9%81%d9%8a-%d8%ae%d9%84%d8%af%d8%a7/
خلدا,شقة طابق اول 179م في خلدا للبيع,179,105000,587,https://qoshan.com/property/%d8%b4%d9%82%d8%a9-%d8%b7%d8%a7%d8%a8%d9%82-%d8%a7%d9%88%d9%84-179%d9%85-%d9%81%d9%8a-%d8%ae%d9%84%d8%af%d8%a7-%d9%84%d9%84%d8%a8%d9%8a%d8%b9/
خلدا,رووف طابقي بإطلالة دائمة في خلدا,403,235000,583,https://qoshan.com/property/%d8%b1%d9%88%d9%88%d9%81-%d8%b7%d8%a7%d8%a8%d9%82%d9%8a-%d8%a8%d8%a5%d8%b7%d9%84%d8%a7%d9%84%d8%a9-%d8%af%d8%a7%d8%a6%d9%85%d8%a9-%d9%81%d9%8a-%d8%ae%d9%84%d8%af%d8%a7/
خلدا,طابق أول 150متر في خلدا,150,85000,567,https://qoshan.com/property/%d8%b7%d8%a7%d8%a8%d9%82-%d8%a3%d9%88%d9%84-150%d9%85%d8%aa%d8%b1-%d9%81%d9%8a-%d8%ae%d9%84%d8%af%d8%a7/
خلدا,شقق 3-4 نوم بأجمل اطلالة في خلدا,230,130000,565,https://qoshan.com/property/%d8%b4%d9%82%d9%82-3-4-%d9%86%d9%88%d9%85-%d8%a8%d8%a3%d8%ac%d9%85%d9%84-%d8%a7%d8%b7%d9%84%d8%a7%d9%84%d8%a9-%d9%81%d9%8a-%d8%ae%d9%84%d8%af%d8%a7/
